School,NCAA Tournament?,G,W,L,W-L%,SRS,SOS,W,L,W,L,W,L,Tm.,Opp.,MP,FG,FGA,FG%,3P,3PA,3P%,FT,FTA,FT%,ORB,TRB,AST,STL,BLK,TOV,PF
Abilene Christian,N,30,13,17,0.433,-2.8,0.9,5,11,9,5,4,8,2249,2133,1210,727,1526,0.476,188,517,0.364,491,687,0.715,240,1008,374,167,98,530,573
Air Force,N,32,14,18,0.438,2,2.12,5,13,10,9,4,9,2142,2146,1295,764,1718,0.445,166,566,0.293,452,604,0.748,293,1036,323,183,99,352,545
Akron,N,33,22,11,0.667,4.25,-1.59,13,5,15,1,5,6,2463,2209,1330,802,1873,0.428,229,669,0.342,376,512,0.734,296,1081,370,190,99,407,608
Alabama A&M,Y,33,15,18,0.455,-10.78,-7.71,10,8,9,8,5,8,2297,2340,1336,781,1842,0.424,251,735,0.341,527,743,0.709,399,1179,420,258,115,510,581
Alabama ,N,37,31,6,0.838,23.18,9.64,16,2,15,0,9,3,3027,2526,1510,885,2387,0.371,202,715,0.283,554,779,0.711,452,1383,364,268,142,434,737
Alabama State,N,31,8,23,0.258,-16.33,-6.3,6,12,5,5,2,18,1963,2252,1245,801,1839,0.436,216,635,0.34,434,632,0.687,375,1184,367,218,153,379,513
Albany (NY),N,31,8,23,0.258,-14.36,-4.53,3,13,5,6,2,16,2086,2332,1245,836,1704,0.491,201,571,0.352,459,630,0.729,256,1040,450,203,111,364,507
Alcorn State,N,32,18,14,0.563,-8.76,-5.82,15,3,7,2,10,10,2165,2259,1301,778,1741,0.447,233,707,0.33,470,683,0.688,322,1077,458,183,109,463,565
American,N,32,17,15,0.531,-8.25,-7.72,7,11,8,6,9,9,2093,2110,1300,754,1665,0.453,216,561,0.385,386,534,0.723,275,931,394,264,75,390,486
Appalachian State,N,32,16,16,0.5,-1.5,-0.98,9,9,10,7,6,7,2248,2067,1290,753,1870,0.403,235,729,0.322,326,456,0.715,322,1152,378,192,76,399,512
Arizona ,Y,35,28,7,0.8,19.08,8.34,14,6,15,2,6,4,2866,2490,1400,905,2216,0.408,277,858,0.323,403,565,0.713,360,1163,443,276,122,431,671
Arizona State ,Y,36,23,13,0.639,11.29,8.17,11,9,10,5,7,6,2559,2447,1455,836,2096,0.399,279,818,0.341,496,702,0.707,423,1382,458,219,107,505,652
Arkansas ,Y,36,22,14,0.611,15.98,9.87,8,10,14,3,2,8,2666,2446,1445,847,1996,0.424,189,608,0.311,563,788,0.714,348,1189,382,241,103,519,681
Arkansas State,N,33,13,20,0.394,-8.08,-3.32,4,14,10,8,2,11,2169,2232,1325,778,1776,0.438,219,596,0.367,457,615,0.743,298,1093,378,199,112,382,549
Arkansas-Pine Bluff,N,31,10,21,0.323,-13.01,-5.38,6,12,8,5,2,16,2074,2162,1250,738,1689,0.437,197,603,0.327,489,695,0.704,287,1127,437,262,105,497,523
Army,N,33,17,16,0.515,-7.13,-7.58,10,8,10,5,7,8,2412,2322,1330,852,1909,0.446,243,733,0.332,375,539,0.696,262,1002,448,227,102,356,533
Auburn ,Y,34,21,13,0.618,14.34,9.28,10,8,14,2,4,8,2474,2302,1365,788,1935,0.407,192,667,0.288,534,752,0.71,401,1211,380,238,118,442,610
Austin Peay,N,31,9,22,0.29,-12.17,-2.6,3,15,7,8,1,13,2067,2241,1245,796,1664,0.478,202,593,0.341,447,604,0.74,291,1092,427,192,80,421,480
Ball State,N,32,20,12,0.625,-1.13,-3.43,11,7,12,2,6,7,2445,2292,1285,823,1873,0.439,237,619,0.383,409,561,0.729,311,1054,306,198,79,373,650
Baylor ,Y,34,23,11,0.676,17.3,10.53,11,7,14,3,5,5,2619,2389,1365,864,1902,0.454,234,720,0.325,427,595,0.718,341,1086,518,208,97,460,624
Bellarmine,N,33,15,18,0.455,-7.41,-1.35,9,9,8,6,6,12,2187,2216,1330,763,1717,0.444,315,889,0.354,375,520,0.721,276,1039,448,179,67,394,491
Belmont,N,32,21,11,0.656,1.88,-1.92,14,6,12,2,7,7,2447,2299,1290,852,1895,0.45,230,645,0.357,365,547,0.667,334,1127,420,184,111,406,478
Bethune-Cookman,N,33,13,20,0.394,-16.84,-7.87,9,10,8,5,4,13,2232,2459,1325,863,1919,0.45,245,702,0.349,488,663,0.736,380,1256,448,232,128,449,554
Binghamton,N,31,13,18,0.419,-10.44,-5.51,8,8,8,7,5,11,2133,2217,1260,781,1786,0.437,203,618,0.328,452,619,0.73,305,1042,322,229,95,334,506
Boise State ,Y,34,24,10,0.706,12.78,6.2,13,5,15,1,5,6,2451,2198,1375,802,1933,0.415,223,717,0.311,371,528,0.703,284,1096,364,176,109,401,569
Boston College,N,33,16,17,0.485,1.09,4.73,9,11,9,7,4,7,2197,2317,1330,833,1882,0.443,274,744,0.368,377,519,0.726,310,1122,408,219,109,406,505
Boston University,N,32,15,17,0.469,-8.1,-6.52,8,10,9,4,6,11,2147,2151,1300,749,1725,0.434,227,676,0.336,426,618,0.689,259,1077,371,199,124,397,508
Bowling Green State,N,31,11,20,0.355,-8.4,-3.74,5,13,7,9,4,11,2355,2434,1240,866,1857,0.466,253,708,0.357,449,616,0.729,298,1074,451,185,108,357,556
Bradley,N,35,25,10,0.714,6.52,-0.66,16,4,15,1,8,6,2473,2195,1405,760,1875,0.405,231,725,0.319,444,592,0.75,282,1107,371,222,85,442,555
Brigham Young,N,34,19,15,0.559,9.43,5.4,7,9,12,4,2,7,2568,2376,1365,819,1898,0.432,243,717,0.339,495,712,0.695,282,1084,411,248,87,463,605
Brown,N,27,14,13,0.519,-2.46,-2.69,7,7,7,5,7,8,1878,1872,1086,689,1541,0.447,200,571,0.35,294,414,0.71,218,929,325,183,82,374,459
Bryant,N,30,17,13,0.567,-3.59,-4.52,8,8,9,4,7,8,2381,2193,1205,778,1849,0.421,237,719,0.33,400,570,0.702,284,1021,433,208,88,372,540
Bucknell,N,32,12,20,0.375,-9.93,-6.96,5,13,7,7,3,13,2161,2192,1290,815,1846,0.441,237,666,0.356,325,506,0.642,272,1020,453,247,100,332,472
Buffalo,N,32,15,17,0.469,-2.9,0.73,9,9,11,4,3,9,2481,2485,1285,881,1942,0.454,244,696,0.351,479,682,0.702,322,1125,469,210,104,447,551
Butler,N,32,14,18,0.438,5.85,8.54,6,14,10,6,3,10,2088,2174,1280,838,1874,0.447,200,623,0.321,298,423,0.704,328,1161,440,219,105,400,455
Cal Poly,N,33,8,25,0.242,-7.51,-0.54,1,18,6,11,1,13,2006,2174,1330,732,1689,0.433,208,610,0.341,502,695,0.722,262,1069,373,205,98,408,575
Cal State Bakersfield,N,33,11,22,0.333,-8.35,-1.48,6,14,6,8,3,12,1995,2134,1340,700,1639,0.427,238,695,0.342,496,694,0.715,289,1067,373,193,81,445,510
Cal State Fullerton,N,33,20,13,0.606,1.73,-0.27,12,6,11,2,7,8,2283,2148,1360,754,1812,0.416,220,705,0.312,420,591,0.711,328,1153,372,199,97,466,633
Cal State Northridge,N,32,7,25,0.219,-10.4,-1.74,4,16,7,8,0,14,2028,2194,1285,737,1729,0.426,221,656,0.337,499,666,0.749,322,1126,397,174,86,383,573
California,N,32,3,29,0.094,-3.36,8.42,2,18,3,14,0,12,1866,2243,1290,801,1772,0.452,227,679,0.334,414,578,0.716,318,1137,413,185,130,332,526
California Baptist,N,33,17,16,0.515,0.21,-0.69,7,10,12,5,4,8,2291,2156,1330,790,1863,0.424,185,610,0.303,391,538,0.727,290,1118,365,181,86,358,596
Campbell,N,34,16,18,0.471,-5.23,-4.89,8,10,8,6,4,10,2374,2329,1385,834,1837,0.454,263,763,0.345,398,573,0.695,297,1084,408,205,115,420,620
Canisius,N,30,10,20,0.333,-7.02,-3.44,8,12,7,7,3,12,2111,2169,1225,815,1747,0.467,203,554,0.366,334,478,0.699,298,1073,400,189,96,395,473
Central Arkansas,N,31,9,22,0.29,-13.71,-3.15,4,14,6,8,2,13,2261,2527,1255,923,1963,0.47,279,769,0.363,402,571,0.704,337,1210,432,226,105,385,451
Central Connecticut State,N,32,10,22,0.313,-13.68,-9.49,7,9,6,7,4,14,2111,2245,1295,821,1836,0.447,242,683,0.354,361,485,0.744,302,1116,464,215,108,350,440
Central Florida,N,34,19,15,0.559,11.09,5.09,8,10,11,6,5,7,2432,2228,1395,779,1855,0.42,221,720,0.307,449,620,0.724,353,1130,416,229,97,504,554
Central Michigan,N,31,10,21,0.323,-11.9,-2.56,5,13,6,8,3,12,2038,2263,1245,769,1757,0.438,255,735,0.347,470,696,0.675,350,1106,399,257,86,415,619
Charleston Southern,N,31,10,21,0.323,-9.43,-4.46,5,13,6,8,3,12,2251,2305,1245,803,1747,0.46,253,704,0.359,446,619,0.721,304,1048,410,172,91,350,477
Charlotte,N,36,22,14,0.611,3.84,-0.52,9,11,11,4,5,8,2410,2253,1465,836,1912,0.437,246,726,0.339,335,459,0.73,269,1074,347,197,98,402,490
Chattanooga,N,35,18,17,0.514,-2.34,-3.34,7,11,9,7,6,9,2702,2523,1405,888,2099,0.423,298,893,0.334,449,586,0.766,324,1185,404,219,85,369,588
Chicago State,N,31,11,20,0.355,-11.27,-3.49,,,8,0,3,20,2180,2264,1245,812,1783,0.455,234,680,0.344,406,581,0.699,335,1037,451,208,111,357,500
Cincinnati,N,36,23,13,0.639,11.78,4.98,11,7,16,3,5,7,2776,2495,1450,915,2142,0.427,209,669,0.312,456,616,0.74,348,1249,465,190,101,438,557
Clemson,N,34,23,11,0.676,10.54,3.71,14,6,15,2,5,6,2540,2308,1370,798,1970,0.405,267,804,0.332,445,604,0.737,303,1128,395,191,87,383,576
Cleveland State,N,35,21,14,0.6,-2.58,-5.04,14,6,13,3,7,9,2512,2405,1425,857,2022,0.424,244,764,0.319,447,611,0.732,435,1246,427,216,136,488,565
Coastal Carolina,N,31,11,20,0.355,-8.93,-1.75,5,13,8,8,3,11,2273,2294,1250,808,1893,0.427,305,859,0.355,373,520,0.717,343,1098,447,206,100,358,498
Colgate ,Y,35,26,9,0.743,2.21,-5.85,17,1,14,2,11,4,2733,2426,1400,937,2056,0.456,270,753,0.359,282,410,0.688,287,1103,511,209,109,432,514
College of Charleston ,Y,35,31,4,0.886,8.4,-4.01,16,2,17,1,11,2,2804,2353,1410,899,2085,0.431,205,671,0.306,350,517,0.677,319,1189,411,197,129,482,640
Colorado,N,35,18,17,0.514,11.16,8.39,8,12,13,5,2,9,2445,2348,1400,842,1982,0.425,217,676,0.321,447,623,0.717,305,1175,393,249,140,470,602
Colorado State,N,33,15,18,0.455,5.64,5.86,6,12,9,7,4,8,2391,2355,1336,827,1859,0.445,295,809,0.365,406,550,0.738,302,1093,423,188,107,400,546
Columbia,N,29,7,22,0.241,-14.37,-2.37,2,12,6,9,1,13,1966,2197,1170,819,1792,0.457,210,634,0.331,349,499,0.699,344,1145,447,193,124,379,443
Connecticut ,Y,39,31,8,0.795,22.95,8.51,13,7,15,2,6,5,3064,2501,1560,856,2145,0.399,194,653,0.297,595,810,0.735,361,1173,357,258,105,493,662
Coppin State,N,32,9,23,0.281,-14.76,-3.6,4,10,4,6,5,16,2304,2661,1300,937,2029,0.462,285,839,0.34,502,694,0.723,425,1325,548,241,99,440,566
Cornell,N,28,17,11,0.607,0.63,-2.41,7,7,11,2,6,8,2287,2129,1125,774,1643,0.471,231,650,0.355,350,491,0.713,270,964,456,182,87,446,487
Creighton ,Y,37,24,13,0.649,17.83,9.8,14,6,13,2,5,6,2828,2531,1490,983,2332,0.422,231,688,0.336,334,460,0.726,326,1230,439,217,103,358,590
Dartmouth,N,28,10,18,0.357,-7.98,-2.52,6,8,7,5,3,11,1998,2027,1135,736,1669,0.441,192,580,0.331,363,499,0.727,253,993,324,236,86,346,481
Davidson,N,32,16,16,0.5,1.99,1.47,8,10,7,8,6,6,2236,2197,1295,817,1843,0.443,221,678,0.326,342,487,0.702,305,1109,399,190,122,371,579
Dayton,N,34,22,12,0.647,8.71,1.1,12,6,14,2,5,6,2334,2075,1370,764,1942,0.393,220,752,0.293,327,464,0.705,336,1057,371,197,77,352,591
Delaware,N,33,17,16,0.515,-5.56,-3.72,8,10,10,5,4,10,2298,2333,1330,850,1888,0.45,238,653,0.364,395,547,0.722,329,1175,454,203,109,421,585
Delaware State,N,30,6,24,0.2,-17.69,-4.94,4,11,4,8,2,14,1939,2265,1210,772,1660,0.465,283,702,0.403,438,633,0.692,281,1038,477,235,105,425,519
Denver,N,32,15,17,0.469,-9.55,-5.89,6,12,9,5,4,11,2325,2402,1300,871,1950,0.447,263,785,0.335,397,526,0.755,313,995,448,216,117,359,621
DePaul,N,33,10,23,0.303,2.9,9.02,3,17,7,8,2,12,2349,2551,1340,903,1984,0.455,241,689,0.35,504,709,0.711,396,1273,469,239,110,415,546
Detroit Mercy,N,33,14,19,0.424,-3.2,-3.6,9,11,9,5,5,13,2527,2486,1330,893,1931,0.462,277,757,0.366,423,560,0.755,325,1097,466,214,91,386,566
Drake ,Y,35,27,8,0.771,7.85,-1.12,15,5,14,1,6,6,2617,2236,1430,811,2001,0.405,233,760,0.307,381,541,0.704,278,1146,354,185,80,421,586
Drexel,N,32,17,15,0.531,-2.27,-5.43,10,8,12,3,3,9,2135,1997,1305,762,1793,0.425,170,510,0.333,303,430,0.705,290,1051,360,186,85,384,540
Duke ,Y,36,27,9,0.75,15.84,7.45,14,6,16,0,4,6,2592,2290,1445,844,2079,0.406,226,741,0.305,376,493,0.763,337,1108,409,220,132,391,588
Duquesne,N,33,20,13,0.606,3.48,-0.15,10,8,16,4,3,7,2472,2352,1322,836,1875,0.446,223,634,0.352,457,659,0.693,380,1196,440,195,100,475,538
East Carolina,N,33,16,17,0.485,-0.28,1.42,6,12,10,6,2,9,2271,2327,1320,830,1905,0.436,216,657,0.329,451,631,0.715,333,1153,414,216,116,392,584
East Tennessee State,N,32,12,20,0.375,-6,-4.44,8,10,7,9,4,9,2211,2208,1285,799,1834,0.436,254,785,0.324,356,486,0.733,319,1066,404,228,73,389,516
Eastern Illinois,N,31,9,22,0.29,-14.08,-6.74,5,13,6,9,3,12,2134,2235,1245,786,1806,0.435,259,770,0.336,404,579,0.698,348,1175,466,202,109,457,549
Eastern Kentucky,N,37,23,14,0.622,-1.48,-1.62,12,6,14,2,5,10,2909,2720,1505,987,2291,0.431,309,909,0.34,437,589,0.742,399,1372,531,241,105,536,561
Eastern Michigan,N,31,8,23,0.258,-10.99,-1.82,5,13,6,7,2,13,2239,2505,1250,894,1846,0.484,262,767,0.342,455,647,0.703,339,1150,418,196,86,384,513
Eastern Washington,N,34,23,11,0.676,1.47,-1.62,16,2,11,2,10,7,2607,2429,1360,849,2005,0.423,294,882,0.333,437,584,0.748,315,1055,420,219,64,383,596
Elon,N,32,8,24,0.25,-12.84,-4.38,6,12,5,9,3,12,2094,2291,1280,815,1869,0.436,291,843,0.345,370,521,0.71,339,1152,466,198,96,368,514
Evansville,N,32,5,27,0.156,-15.12,-1.53,1,19,3,10,1,14,1997,2432,1280,867,1809,0.479,283,745,0.38,415,544,0.763,258,1222,502,186,85,421,526
Fairfield,N,31,13,18,0.419,-6.97,-4.51,9,11,7,6,4,10,2012,2045,1255,769,1748,0.44,161,553,0.291,346,483,0.716,306,1060,336,183,102,363,556
Fairleigh Dickinson ,Y,37,21,16,0.568,-8.97,-9.83,10,6,10,5,8,9,2863,2744,1495,972,2061,0.472,287,820,0.35,513,690,0.743,344,1257,552,213,143,567,587
Florida,N,33,16,17,0.485,10.9,8.26,9,9,10,6,4,7,2351,2264,1325,830,2002,0.415,192,608,0.316,412,585,0.704,383,1274,370,217,102,412,542
Florida A&M,N,29,7,22,0.241,-17.8,-4.99,5,13,4,7,3,15,1700,2030,1165,695,1572,0.442,180,541,0.333,460,690,0.667,331,1042,349,239,108,363,482
Florida Atlantic ,Y,39,35,4,0.897,13.85,2.23,18,2,17,0,11,3,3035,2547,1570,923,2290,0.403,258,800,0.323,443,603,0.735,364,1286,321,225,89,481,651
Florida Gulf Coast,N,32,17,15,0.531,-2.63,-3.08,7,11,8,5,6,9,2280,2222,1290,804,1848,0.435,255,764,0.334,359,516,0.696,320,1125,409,183,92,377,497
Florida International,N,32,14,18,0.438,-2.78,0.26,8,12,11,7,3,10,2339,2404,1300,848,1907,0.445,278,765,0.363,430,580,0.741,414,1217,452,264,108,528,499
Florida State,N,32,9,23,0.281,-0.38,6.5,7,13,5,11,4,7,2219,2439,1280,854,1882,0.454,291,773,0.376,440,582,0.756,334,1128,473,165,91,377,517
Fordham,N,33,25,8,0.758,2.26,-2.13,12,6,18,2,6,5,2376,2231,1330,774,1841,0.42,180,562,0.32,503,687,0.732,291,1127,377,212,100,448,640
Fresno State,N,31,11,20,0.355,2.6,5.1,6,12,7,7,4,9,1974,2036,1240,711,1607,0.442,227,603,0.376,387,512,0.756,266,1012,374,175,96,401,484
Furman ,Y,36,28,8,0.778,4.88,-2.91,15,3,14,2,8,3,2911,2563,1455,937,2094,0.447,242,733,0.33,447,630,0.71,338,1204,417,204,102,470,617
Gardner-Webb,N,31,15,16,0.484,-3.85,-4.64,10,8,8,5,6,10,2192,2032,1260,678,1639,0.414,208,618,0.337,468,654,0.716,252,985,328,198,87,438,544
George Mason,N,33,20,13,0.606,1.75,0.29,11,7,14,2,4,7,2268,2220,1330,798,1872,0.426,198,658,0.301,426,618,0.689,289,1071,362,229,96,380,635
George Washington,N,32,16,16,0.5,-1.93,-0.61,10,8,11,6,5,6,2441,2455,1305,892,1999,0.446,274,784,0.349,397,568,0.699,353,1126,455,224,78,355,545
Georgetown,N,32,7,25,0.219,-1.07,7.52,2,18,5,12,1,11,2225,2500,1290,918,2001,0.459,308,791,0.389,356,489,0.728,346,1196,552,259,96,356,491
Georgia,N,32,16,16,0.5,1.79,4.79,6,12,13,4,1,10,2193,2289,1285,841,1912,0.44,224,702,0.319,383,553,0.693,351,1138,469,214,117,368,588
Georgia Southern,N,33,17,16,0.515,-3.25,-2.02,9,9,12,4,3,11,2257,2201,1325,779,1838,0.424,223,689,0.324,420,600,0.7,309,1157,379,203,87,429,526
Georgia State,N,31,10,21,0.323,-6.79,-0.93,3,15,10,9,0,11,2068,2150,1245,755,1734,0.435,215,596,0.361,425,588,0.723,288,1021,394,210,114,372,532
Georgia Tech,N,33,15,18,0.455,2.09,4.89,6,14,11,6,3,9,2301,2335,1325,856,1943,0.441,206,684,0.301,417,586,0.712,351,1211,481,181,118,362,500
Gonzaga ,Y,37,31,6,0.838,18.99,8.04,14,2,15,1,7,2,3187,2715,1485,993,2246,0.442,306,877,0.349,423,577,0.733,334,1171,458,193,89,489,700
Grambling,N,33,24,9,0.727,-4.03,-8.48,15,3,11,1,9,6,2276,2054,1325,685,1801,0.38,209,679,0.308,475,716,0.663,382,1129,354,231,104,484,605
Grand Canyon ,Y,36,24,12,0.667,4.42,1.27,10,7,14,4,5,5,2706,2421,1450,863,2112,0.409,220,694,0.317,475,676,0.703,395,1211,374,201,96,387,642
Green Bay,N,32,3,29,0.094,-20.29,-3.13,2,18,2,10,1,17,1898,2447,1285,893,1832,0.487,222,634,0.35,439,578,0.76,321,1169,443,234,105,342,532
Hampton,N,32,8,24,0.25,-15.25,-4.7,5,13,7,6,1,13,2183,2481,1285,878,1889,0.465,262,701,0.374,463,670,0.691,327,1243,483,179,113,357,589
Hartford,N,28,5,23,0.179,-23.12,-7.96,,,5,10,0,11,1757,1991,1120,734,1596,0.46,229,609,0.376,294,414,0.71,285,972,431,204,84,341,393
Harvard,N,28,14,14,0.5,-0.71,-2.02,5,9,5,7,8,6,1914,1858,1130,680,1612,0.422,201,625,0.322,297,401,0.741,238,902,322,196,87,357,472
Hawaii,N,33,22,11,0.667,2.36,-2.18,13,7,13,5,6,4,2208,2039,1335,760,1877,0.405,145,493,0.294,374,504,0.742,301,1064,254,198,103,355,601
High Point,N,31,14,17,0.452,-9.88,-5.22,6,12,10,5,2,11,2312,2392,1241,856,1942,0.441,242,749,0.323,438,654,0.67,384,1174,451,218,105,383,605
Hofstra,N,35,25,10,0.714,4.96,-2.3,16,2,11,2,11,5,2619,2324,1415,862,2115,0.408,236,769,0.307,364,524,0.695,412,1278,436,202,106,442,531
Holy Cross,N,32,10,22,0.313,-14.26,-6.4,7,11,6,9,4,11,2136,2324,1285,876,1926,0.455,219,672,0.326,353,527,0.67,345,1234,436,225,106,393,459
Houston Christian,Y,32,10,22,0.313,-17.18,-6.94,7,11,8,8,2,13,2482,2658,1285,984,1978,0.497,242,660,0.367,448,630,0.711,328,1118,508,252,97,405,627
Houston ,N,37,33,4,0.892,22.2,4.79,17,1,16,2,11,0,2770,2126,1480,708,1933,0.366,234,840,0.279,476,691,0.689,370,1173,376,199,91,506,599
Howard ,Y,35,22,13,0.629,-5.04,-5.13,11,3,12,2,6,8,2634,2542,1405,902,2027,0.445,253,743,0.341,485,706,0.687,383,1168,428,308,110,540,615
Idaho,N,32,10,22,0.313,-8.7,-3.86,4,14,6,10,4,11,2335,2332,1296,848,1805,0.47,222,586,0.379,414,565,0.733,277,1063,365,186,95,368,603
Idaho State,N,32,11,21,0.344,-6.55,-2.95,8,10,7,7,4,12,2213,2272,1310,796,1764,0.451,193,599,0.322,487,620,0.785,282,1079,378,178,70,387,577
Illinois ,Y,33,20,13,0.606,14.82,7.67,11,9,15,2,3,7,2452,2216,1335,804,1934,0.416,197,589,0.334,411,583,0.705,322,1115,353,228,93,429,604
Illinois State,N,32,11,21,0.344,-7.37,-3.37,6,14,8,7,3,9,2127,2255,1300,805,1770,0.455,225,667,0.337,420,601,0.699,278,992,395,214,99,357,552
Illinois-Chicago,N,32,12,20,0.375,-8.83,-3.12,4,16,7,8,3,11,2149,2292,1290,823,1841,0.447,215,633,0.34,431,599,0.72,328,1224,453,194,119,443,562
Incarnate Word,N,31,12,19,0.387,-15.06,-8.27,6,12,7,7,3,12,2194,2290,1255,832,1759,0.473,214,600,0.357,412,575,0.717,319,1088,406,222,89,455,525
Indiana ,Y,35,23,12,0.657,14.96,8.9,12,8,15,2,5,7,2616,2404,1405,852,2084,0.409,263,787,0.334,437,621,0.704,379,1199,408,229,111,391,561
Indiana State,N,36,23,13,0.639,4.88,-4.01,13,7,11,4,7,6,2855,2507,1450,902,2117,0.426,241,752,0.32,462,631,0.732,288,1174,360,215,121,450,581
Iona ,Y,35,27,8,0.771,7.62,-2.75,17,3,11,1,8,4,2660,2297,1405,826,2009,0.411,207,696,0.297,438,621,0.705,380,1223,426,187,97,503,564
Iowa ,Y,33,19,14,0.576,14.1,8.71,11,9,14,3,4,7,2642,2464,1335,939,1982,0.474,234,640,0.366,352,472,0.746,305,1145,478,189,115,424,598
Iowa State ,Y,33,19,14,0.576,15.36,10.39,9,9,13,3,3,8,2231,2067,1330,671,1598,0.42,252,747,0.337,473,652,0.725,264,1005,388,224,97,546,561
IUPUI,N,32,5,27,0.156,-18.99,-5.56,2,18,4,9,0,15,2089,2456,1285,860,1833,0.469,256,714,0.359,480,632,0.759,337,1055,469,267,102,372,532
Jackson State,N,33,14,19,0.424,-11.37,-5.4,12,6,7,2,6,14,2232,2429,1338,853,1881,0.453,259,741,0.35,464,637,0.728,311,1086,446,262,140,448,545
Jacksonville,N,29,13,16,0.448,-6.2,-2.55,6,12,7,6,6,10,1837,1816,1160,642,1576,0.407,241,765,0.315,291,399,0.729,247,901,352,171,81,277,365
Jacksonville State,N,31,13,18,0.419,-6.67,-2.6,6,12,9,5,3,12,2166,2178,1245,762,1749,0.436,287,828,0.347,367,496,0.74,265,994,432,190,75,357,530
James Madison,N,33,22,11,0.667,4.96,-2.31,12,6,11,3,8,6,2658,2246,1340,811,1920,0.422,226,729,0.31,398,590,0.675,322,1128,383,238,104,546,645
Kansas City,Y,32,11,21,0.344,-9.76,-3.26,7,11,6,8,3,11,2060,2199,1295,734,1730,0.424,239,697,0.343,492,662,0.743,317,1065,349,196,102,380,524
Kansas ,N,36,28,8,0.778,19.19,11.83,13,5,15,1,7,4,2715,2450,1450,873,2103,0.415,230,742,0.31,474,654,0.725,379,1255,406,220,101,515,577
Kansas State ,Y,36,26,10,0.722,15.78,9.48,11,7,16,1,4,7,2742,2515,1465,878,2070,0.424,235,764,0.308,524,751,0.698,388,1221,493,259,140,541,659
Kennesaw State ,Y,35,26,9,0.743,0.6,-2.06,15,3,15,1,10,6,2626,2415,1415,842,1957,0.43,251,758,0.331,480,698,0.688,315,1188,399,231,106,502,675
Kent State ,Y,35,28,7,0.8,7.59,-1.16,15,3,15,0,9,6,2665,2305,1405,777,1920,0.405,242,778,0.311,509,706,0.721,365,1223,397,188,101,551,645
Kentucky ,Y,34,22,12,0.647,14.75,8.08,12,6,14,4,6,4,2532,2305,1370,827,1929,0.429,222,685,0.324,429,577,0.744,290,1022,399,205,75,379,580
La Salle,N,34,15,19,0.441,-2.78,-0.02,7,11,8,8,5,8,2374,2468,1375,898,1996,0.45,240,696,0.345,432,630,0.686,365,1239,455,203,152,422,571
Lafayette,N,34,11,23,0.324,-7.82,-4.53,7,11,5,7,5,16,2120,2232,1394,800,1826,0.438,257,753,0.341,375,537,0.698,283,1194,442,212,89,403,491
Lamar,N,31,9,22,0.29,-17.4,-7.65,5,13,6,9,2,12,2104,2311,1250,827,1852,0.447,279,819,0.341,378,564,0.67,376,1110,531,251,118,382,519
Lehigh,N,30,16,14,0.533,-9.07,-6.04,11,7,9,6,7,8,2094,2082,1200,769,1778,0.433,200,620,0.323,344,505,0.681,279,1084,367,176,90,353,462
Liberty,N,36,27,9,0.75,8.36,-1.91,15,3,19,1,6,7,2689,2194,1440,792,1891,0.419,230,689,0.334,380,518,0.734,239,1089,327,205,92,468,569
Lindenwood,N,32,11,21,0.344,-14.8,-6.35,6,12,9,4,2,14,2226,2362,1305,847,1918,0.442,273,799,0.342,395,570,0.693,343,1205,457,222,99,412,494
Lipscomb,N,33,20,13,0.606,-1.95,-4.02,11,7,13,2,7,11,2521,2343,1340,866,2024,0.428,265,794,0.334,346,466,0.742,288,1094,357,202,90,383,481
Little Rock,N,31,10,21,0.323,-12.62,-6.96,6,12,8,5,2,16,2337,2461,1250,870,1829,0.476,270,689,0.392,451,678,0.665,322,1124,458,194,116,441,567
Long Beach State,N,33,17,16,0.515,-0.58,-0.42,11,9,9,5,6,9,2524,2455,1355,867,2056,0.422,276,820,0.337,445,609,0.731,350,1148,477,249,104,463,615
Long Island University,N,29,3,26,0.103,-24.46,-6.61,1,15,2,10,1,14,1935,2319,1160,854,1795,0.476,228,631,0.361,383,566,0.677,306,1086,504,254,112,371,491
Longwood,N,32,20,12,0.625,-1.75,-6.35,12,6,12,3,8,8,2341,2119,1280,737,1693,0.435,251,722,0.348,394,549,0.718,271,1009,389,189,106,462,546
Louisiana ,Y,34,26,8,0.765,4.26,-0.51,13,5,14,0,7,7,2630,2362,1365,859,1944,0.442,199,592,0.336,445,633,0.703,302,1035,362,225,107,428,621
Louisiana State,N,33,14,19,0.424,3.32,6.44,2,16,10,8,0,9,2231,2334,1320,831,1859,0.447,265,773,0.343,407,564,0.722,316,1125,432,199,119,384,541
Louisiana Tech,N,33,15,18,0.455,0.03,1.83,7,13,9,6,4,11,2383,2320,1350,789,1771,0.446,279,752,0.371,463,661,0.7,301,1077,466,226,116,502,530
Louisiana-Monroe,N,32,11,21,0.344,-8.64,-0.57,7,11,7,8,4,10,2157,2235,1295,804,1838,0.437,250,722,0.346,377,510,0.739,317,1134,434,204,117,405,515
Louisville,N,32,4,28,0.125,-5.39,6.45,2,18,4,13,0,11,2046,2425,1280,877,1862,0.471,260,739,0.352,411,569,0.722,316,1064,492,224,112,325,536
Loyola (IL),N,31,10,21,0.323,-4.65,0.45,4,14,6,8,3,8,2089,2247,1255,769,1705,0.451,223,649,0.344,486,640,0.759,290,1007,394,249,97,376,526
Loyola (MD),N,33,13,20,0.394,-12.04,-6.14,7,11,9,6,3,13,2222,2331,1325,862,1804,0.478,239,658,0.363,368,520,0.708,285,1082,468,224,89,452,536
Loyola Marymount,N,31,19,12,0.613,4.98,4.32,9,7,13,3,4,7,2335,2265,1255,809,1773,0.456,202,601,0.336,445,616,0.722,251,983,371,160,86,354,577
Maine,N,30,13,17,0.433,-8.87,-4.65,7,9,8,4,5,12,2054,2091,1215,773,1671,0.463,210,612,0.343,335,468,0.716,279,1029,402,176,94,418,383
Manhattan,N,30,12,18,0.4,-9.86,-4.93,10,10,5,9,6,7,2016,2112,1225,759,1723,0.441,228,628,0.363,364,517,0.704,340,1085,423,227,92,426,476
Marist,N,33,13,20,0.394,-8.43,-5.68,6,14,5,10,4,9,2110,2201,1325,782,1893,0.413,249,711,0.35,386,538,0.717,341,1184,381,190,88,365,508
Marquette ,Y,36,29,7,0.806,17.07,8.01,17,3,17,1,8,4,2856,2530,1460,919,2067,0.445,269,776,0.347,423,602,0.703,385,1276,534,204,119,570,550
Marshall,N,32,24,8,0.75,7.15,-2.82,13,5,15,2,9,5,2616,2281,1295,852,2016,0.423,222,693,0.32,355,558,0.636,408,1233,400,206,54,478,464
Maryland ,Y,35,22,13,0.629,14.59,8.36,11,9,16,1,2,9,2440,2222,1405,814,1912,0.426,197,610,0.323,397,543,0.731,326,1124,384,167,119,417,642
Maryland-Baltimore County,N,32,18,14,0.563,-6.21,-6.96,8,8,13,4,5,10,2378,2328,1285,851,1881,0.452,272,721,0.377,354,487,0.727,288,1113,432,168,92,370,499
Maryland-Eastern Shore,N,31,18,13,0.581,-7.63,-5.48,9,5,10,3,7,9,2162,2054,1245,729,1674,0.435,197,611,0.322,399,559,0.714,295,1057,387,207,99,589,494
Massachusetts,N,31,15,16,0.484,-1.34,0.3,6,12,8,6,3,8,2163,2214,1240,779,1794,0.434,242,731,0.331,414,581,0.713,303,1071,461,240,108,421,579
Massachusetts-Lowell,N,34,26,8,0.765,0.64,-8.52,11,5,17,0,9,8,2653,2243,1365,790,1940,0.407,212,634,0.334,451,622,0.725,320,1029,367,257,106,471,595
McNeese State,N,34,11,23,0.324,-13.64,-5.48,6,12,6,8,5,15,2352,2565,1375,902,1920,0.47,290,747,0.388,471,660,0.714,347,1169,562,238,85,443,530
Memphis ,Y,35,26,9,0.743,14.5,6.9,13,5,13,2,7,5,2778,2512,1415,848,2114,0.401,279,907,0.308,537,727,0.739,432,1234,470,253,141,531,649
Mercer,N,33,14,19,0.424,-5.11,-3.98,6,12,7,7,4,10,2268,2211,1335,774,1798,0.43,201,609,0.33,462,637,0.725,302,1065,354,187,76,391,514
Merrimack,N,34,18,16,0.529,-11.18,-9.11,12,4,10,6,8,8,2128,2119,1360,791,1862,0.425,196,621,0.316,341,478,0.713,397,1271,470,227,106,594,556
Miami (FL) ,Y,37,29,8,0.784,13.98,6.84,15,5,16,1,7,4,2925,2661,1485,991,2214,0.448,285,852,0.335,394,532,0.741,364,1188,539,218,125,463,565
Miami (OH),N,32,12,20,0.375,-7.39,-2.35,6,12,9,9,3,9,2357,2385,1285,840,1819,0.462,229,664,0.345,476,655,0.727,332,1086,418,247,90,426,557
Michigan,N,34,18,16,0.529,12.45,8.72,11,9,13,4,3,8,2494,2367,1390,885,2081,0.425,223,703,0.317,374,536,0.698,329,1200,400,180,89,338,579
Michigan State ,Y,34,21,13,0.618,14.26,11.26,11,8,12,2,5,7,2411,2309,1380,834,1968,0.424,245,757,0.324,396,550,0.72,305,1110,447,193,117,333,556
Middle Tennessee,N,33,19,14,0.576,2.88,2.01,11,9,12,2,3,11,2313,2236,1330,789,1762,0.448,213,600,0.355,445,588,0.757,303,1047,360,225,98,492,509
Milwaukee,N,34,22,12,0.647,-4.68,-3.97,14,6,15,3,6,7,2659,2522,1385,893,2187,0.408,280,912,0.307,456,629,0.725,438,1237,446,269,117,465,605
Minnesota,N,31,9,22,0.29,-0.29,7.87,2,17,6,11,1,9,1949,2202,1250,834,1856,0.449,208,580,0.359,326,461,0.707,336,1122,433,207,110,302,524
Mississippi,N,33,12,21,0.364,5.72,7.29,3,15,7,10,2,9,2227,2279,1330,819,1873,0.437,218,645,0.338,423,568,0.745,334,1127,459,234,93,398,506
Mississippi State ,Y,34,21,13,0.618,11.43,6.69,8,10,12,4,4,6,2234,2073,1380,728,1849,0.394,252,809,0.311,365,510,0.716,340,1138,424,214,102,486,582
Mississippi Valley State,N,32,5,27,0.156,-18.29,-4.57,4,14,4,6,1,19,1953,2392,1290,826,1788,0.462,253,706,0.358,487,711,0.685,341,1129,442,288,111,430,557
Missouri ,Y,35,25,10,0.714,11.4,6.89,11,7,16,3,5,5,2762,2604,1410,891,1998,0.446,309,884,0.35,513,683,0.751,443,1310,510,216,81,592,570
Missouri State,N,32,17,15,0.531,0.37,-0.99,12,8,10,4,5,8,2098,2021,1295,722,1701,0.424,214,660,0.324,363,504,0.72,276,997,353,202,102,380,449
Monmouth,N,33,7,26,0.212,-15.64,-2.61,5,13,3,10,3,15,2036,2466,1320,828,1804,0.459,307,829,0.37,503,700,0.719,355,1196,463,228,130,474,593
Montana,N,31,17,14,0.548,-1.16,-1.86,10,7,9,4,6,9,2147,2114,1245,733,1626,0.451,185,575,0.322,463,598,0.774,236,940,344,158,71,320,504
Montana State ,Y,35,25,10,0.714,2.17,-1.44,15,3,12,1,10,5,2588,2342,1410,815,1885,0.432,222,654,0.339,490,654,0.749,272,1074,322,196,70,479,716
Morehead State,N,34,22,12,0.647,-7.11,-5.08,14,4,14,2,8,9,2374,2266,1365,846,1932,0.438,194,618,0.314,380,527,0.721,274,1098,365,195,110,381,582
Morgan State,N,31,15,16,0.484,-11.58,-6.1,8,7,10,2,3,12,2323,2242,1255,789,1793,0.44,186,601,0.309,478,709,0.674,402,1181,439,259,120,586,519
Mount St. Mary's,N,33,13,20,0.394,-8.17,-4.02,8,12,5,9,7,10,2101,2212,1330,797,1880,0.424,226,678,0.333,392,548,0.715,337,1136,390,253,99,392,507
Murray State,N,32,17,15,0.531,-4.44,-1.61,11,9,11,2,3,11,2254,2305,1296,854,1909,0.447,265,794,0.334,332,462,0.719,303,1093,451,185,92,347,537
Navy,N,31,18,13,0.581,-2.78,-6.12,11,7,9,6,9,7,2152,2013,1250,733,1684,0.435,222,651,0.341,325,497,0.654,290,1010,403,179,96,402,474
NC State ,Y,34,23,11,0.676,12.5,5.58,12,8,15,2,4,6,2643,2408,1365,859,1931,0.445,205,648,0.316,485,657,0.738,304,1185,393,172,94,449,534
Nebraska,N,32,16,16,0.5,7.12,9.03,9,11,11,4,4,9,2175,2236,1300,826,1943,0.425,289,848,0.341,295,425,0.694,332,1137,492,215,137,386,538
Nevada ,Y,33,22,11,0.667,10.01,6.41,12,6,14,1,6,7,2397,2238,1345,781,1836,0.425,255,779,0.327,421,577,0.73,280,1107,421,168,94,413,637
Nevada-Las Vegas,N,32,19,13,0.594,7.2,5.17,7,11,10,7,5,6,2376,2241,1305,779,1781,0.437,283,792,0.357,400,548,0.73,328,1167,453,196,95,562,612
New Hampshire,N,30,15,15,0.5,-9.05,-5.69,9,7,11,4,4,11,1992,2011,1210,741,1701,0.436,176,566,0.311,353,505,0.699,274,1105,299,166,83,329,480
New Mexico,N,34,22,12,0.647,10.81,5.2,8,10,15,5,5,6,2749,2525,1375,916,2100,0.436,271,810,0.335,422,607,0.695,344,1193,482,200,101,433,679
New Mexico State,N,24,9,15,0.375,-1.56,2.44,2,10,6,4,1,9,1769,1720,960,584,1369,0.427,213,618,0.345,339,477,0.711,203,806,297,131,65,333,449
New Orleans,N,32,12,20,0.375,-14.23,-7.36,7,11,6,9,4,10,2340,2536,1286,881,1858,0.474,245,677,0.362,529,712,0.743,350,1086,435,280,81,486,612
Niagara,N,31,16,15,0.516,-6.77,-4.57,10,10,9,4,4,10,2016,2044,1250,731,1664,0.439,182,509,0.358,400,553,0.723,270,949,321,166,110,336,501
Nicholls State,N,31,16,15,0.516,-8.54,-5.46,11,7,11,3,4,11,2344,2253,1240,743,1670,0.445,218,644,0.339,549,761,0.721,321,1114,439,191,95,549,531
NJIT,N,30,7,23,0.233,-12.57,-5.6,4,12,5,8,2,15,2008,2182,1220,808,1789,0.452,232,691,0.336,334,498,0.671,306,1118,397,156,103,303,487
Norfolk State,N,33,22,11,0.667,-3.72,-6.62,9,5,10,2,6,8,2501,2264,1332,747,1832,0.408,301,867,0.347,469,685,0.685,345,1032,463,218,87,458,637
North Alabama,N,33,18,15,0.545,-8.66,-3.96,10,8,9,4,8,10,2446,2452,1335,878,1988,0.442,264,722,0.366,432,606,0.713,326,1184,442,191,125,372,513
North Carolina,N,33,20,13,0.606,12.94,7.67,11,9,12,3,4,7,2514,2340,1345,876,2017,0.434,213,646,0.33,375,530,0.708,284,1127,368,188,113,345,617
North Carolina A&T,N,32,13,19,0.406,-11.4,-3.96,8,10,8,5,4,10,2264,2362,1290,853,1965,0.434,243,734,0.331,413,568,0.727,358,1258,417,162,91,393,489
North Carolina Central,N,30,18,12,0.6,-2.91,-6.1,10,4,13,1,4,10,2268,1977,1220,704,1657,0.425,185,609,0.304,384,564,0.681,298,966,384,203,117,503,548
North Dakota,N,33,13,20,0.394,-7.6,-3.08,6,12,8,8,4,11,2380,2438,1330,916,1948,0.47,217,618,0.351,389,522,0.745,291,1160,364,200,94,360,568
North Dakota State,N,33,16,17,0.485,-4.55,-2.1,11,7,9,4,5,10,2404,2414,1320,884,2006,0.441,243,719,0.338,403,535,0.753,270,1095,378,214,86,295,552
North Florida,N,31,14,17,0.452,-6.73,-2.52,9,9,11,2,3,14,2363,2405,1260,929,2004,0.464,205,582,0.352,342,468,0.731,367,1157,486,218,91,316,497
North Texas,N,38,31,7,0.816,10.63,2.44,16,4,14,2,10,3,2452,2121,1540,712,1822,0.391,194,643,0.302,503,733,0.686,346,1122,299,206,81,465,616
Northeastern,N,30,10,20,0.333,-10.33,-3.96,6,12,6,6,3,12,1959,2150,1210,787,1750,0.45,180,516,0.349,396,554,0.715,276,988,358,227,95,293,462
Northern Arizona,N,35,12,23,0.343,-3.87,-0.21,5,13,6,8,3,13,2581,2615,1420,905,1917,0.472,261,739,0.353,544,734,0.741,280,1190,474,172,112,424,608
Northern Colorado,N,32,12,20,0.375,-4.65,-0.65,6,12,6,7,3,12,2355,2480,1290,911,1922,0.474,211,639,0.33,447,615,0.727,296,1118,440,170,116,313,552
Northern Illinois,N,32,13,19,0.406,-6.49,-2.59,9,9,5,7,7,10,2304,2401,1285,852,1895,0.45,229,698,0.328,468,676,0.692,376,1203,413,215,97,433,549
Northern Iowa,N,32,14,18,0.438,-2.66,-1.05,9,11,8,8,4,7,2244,2238,1290,800,1783,0.449,296,837,0.354,342,471,0.726,234,1054,417,215,77,409,514
Northern Kentucky ,Y,35,22,13,0.629,-0.81,-2.87,14,6,14,3,6,6,2372,2224,1425,793,1808,0.439,255,704,0.362,383,543,0.705,351,1180,484,199,84,549,554
Northwestern ,Y,34,22,12,0.647,13.68,8.71,12,8,13,5,7,4,2303,2134,1370,745,1801,0.414,255,755,0.338,389,570,0.682,316,1193,457,154,113,473,561
Northwestern State,N,33,22,11,0.667,-4.72,-7.03,13,5,10,3,10,7,2463,2378,1330,826,1819,0.454,204,614,0.332,522,695,0.751,364,1180,431,183,107,489,551
Notre Dame,N,32,11,21,0.344,2.09,4.59,3,17,11,8,0,10,2227,2307,1285,854,1862,0.459,231,673,0.343,368,494,0.745,283,1146,433,154,103,286,463
Oakland,N,32,13,19,0.406,-8.03,-2.87,11,9,8,6,5,10,2347,2442,1305,912,1949,0.468,283,769,0.368,335,442,0.758,345,1174,563,183,94,438,536
Ohio,N,33,19,14,0.576,1.14,-2.62,10,8,14,1,4,11,2602,2413,1325,860,1932,0.445,254,747,0.34,439,647,0.679,335,1135,404,193,106,410,535
Ohio State,N,35,16,19,0.457,13,9.46,5,15,10,6,1,10,2538,2414,1410,879,2046,0.43,241,751,0.321,415,574,0.723,355,1159,432,164,99,369,545
Oklahoma,N,32,15,17,0.469,11.37,11.25,5,13,9,7,2,8,2165,2161,1290,797,1845,0.432,177,567,0.312,390,555,0.703,305,1050,342,228,106,332,502
Oklahoma State,N,36,20,16,0.556,12.61,10.16,8,10,12,6,5,7,2458,2370,1450,820,2076,0.395,255,808,0.316,475,632,0.752,367,1213,428,275,94,464,623
Old Dominion,N,31,19,12,0.613,-0.41,-0.65,11,7,12,4,6,5,2073,2052,1245,714,1730,0.413,229,731,0.313,395,593,0.666,322,1089,398,182,122,355,556
Omaha,N,32,9,23,0.281,-10.8,-1.83,4,14,5,7,1,15,2192,2438,1285,851,1859,0.458,275,760,0.362,461,616,0.748,311,1120,443,228,101,349,503
Oral Roberts ,Y,35,30,5,0.857,8.55,-2.84,18,0,16,0,11,4,2915,2458,1400,918,2207,0.416,301,868,0.347,321,448,0.717,368,1287,418,182,95,445,526
Oregon,N,36,21,15,0.583,13.83,9.49,12,8,15,6,4,6,2542,2386,1445,866,2119,0.409,265,787,0.337,389,507,0.767,343,1165,441,219,89,395,627
Oregon State,N,32,11,21,0.344,0.08,6.59,5,15,10,7,1,10,1959,2144,1280,745,1743,0.427,225,665,0.338,429,593,0.723,320,1075,432,208,103,377,531
Pacific,N,33,15,18,0.455,-0.57,2.05,7,9,7,10,7,7,2502,2565,1330,906,1937,0.468,275,780,0.353,478,704,0.679,345,1219,447,180,103,428,598
Penn State ,Y,37,23,14,0.622,13.05,9.02,10,10,13,4,4,7,2673,2524,1505,933,2171,0.43,267,816,0.327,391,554,0.706,336,1293,514,173,105,317,500
Pennsylvania,N,30,17,13,0.567,0.86,-1.11,9,5,11,4,6,9,2249,2160,1220,757,1811,0.418,260,800,0.325,386,564,0.684,315,1014,395,194,88,309,452
Pepperdine,N,31,9,22,0.29,-0.13,4.7,2,14,8,8,0,12,2417,2520,1260,915,1991,0.46,243,676,0.359,447,638,0.701,341,1149,439,224,67,378,519
Pittsburgh ,Y,36,24,12,0.667,10.59,5.21,14,6,14,3,7,5,2704,2510,1440,892,2122,0.42,273,836,0.327,453,645,0.702,376,1246,479,182,119,406,647
Portland,N,33,14,19,0.424,1.68,4.13,5,11,10,7,2,10,2566,2594,1330,932,2045,0.456,337,891,0.378,393,573,0.686,349,1169,474,206,60,403,707
Portland State,N,31,12,19,0.387,-5.17,-0.59,6,11,6,7,5,9,2363,2340,1240,787,1669,0.472,202,566,0.357,564,760,0.742,292,1113,425,159,69,495,593
Prairie View,N,33,13,20,0.394,-9.24,-6.92,9,10,9,4,4,14,2226,2256,1345,763,1786,0.427,205,600,0.342,525,734,0.715,291,1107,368,189,139,501,595
Presbyterian,N,32,5,27,0.156,-13.57,-5.03,1,17,5,9,0,15,2021,2223,1294,786,1686,0.466,222,592,0.375,429,655,0.655,295,1052,374,222,129,396,555
Princeton ,Y,32,23,9,0.719,4.76,-0.97,10,4,11,3,8,4,2416,2192,1295,810,1904,0.425,204,633,0.322,368,534,0.689,263,1055,354,196,106,336,572
Providence ,Y,33,21,12,0.636,12.89,6.56,13,7,15,2,6,6,2552,2343,1345,872,1980,0.44,225,665,0.338,374,502,0.745,320,1069,419,199,130,387,597
Purdue ,Y,35,29,6,0.829,18.23,8.32,15,5,14,2,8,3,2543,2196,1405,842,2024,0.416,225,717,0.314,287,389,0.738,284,975,432,215,103,348,660
Purdue-Fort Wayne,N,32,17,15,0.531,-5.44,-4.94,9,11,9,6,7,8,2364,2234,1286,847,1909,0.444,228,754,0.302,312,433,0.721,274,1107,395,212,104,414,517
Queens (NC),N,33,18,15,0.545,-4.15,-4.25,7,11,8,5,7,10,2564,2463,1320,924,2015,0.459,253,730,0.347,362,506,0.715,293,1114,443,211,132,372,577
Quinnipiac,N,32,20,12,0.625,-2.42,-5.2,11,9,9,4,9,6,2335,2231,1295,822,1941,0.423,225,710,0.317,362,517,0.7,320,1092,392,208,129,377,550
Radford,N,36,21,15,0.583,-1.86,-3.86,12,6,10,3,7,10,2496,2332,1445,849,1889,0.449,233,701,0.332,401,587,0.683,316,1128,404,201,96,483,585
Rhode Island,N,31,9,22,0.29,-4.15,0.49,5,13,7,9,1,10,2046,2190,1255,793,1822,0.435,203,633,0.321,401,577,0.695,328,1115,406,213,165,370,558
Rice,N,35,19,16,0.543,-2.03,1.31,8,12,11,7,6,7,2693,2680,1420,1006,2161,0.466,294,809,0.363,374,538,0.695,318,1211,463,242,90,417,607
Richmond,N,33,15,18,0.455,1.45,0.36,7,11,12,4,1,11,2273,2237,1340,813,1893,0.429,251,762,0.329,360,496,0.726,286,1137,405,198,94,381,578
Rider,N,30,16,14,0.533,-3.48,-4.9,13,7,8,5,8,6,2105,2027,1215,690,1625,0.425,249,699,0.356,398,618,0.644,290,947,364,179,97,334,472
Robert Morris,N,33,16,17,0.485,-5.81,-5.55,10,10,11,4,5,10,2287,2205,1325,793,1831,0.433,209,591,0.354,410,561,0.731,309,1110,349,224,89,435,509
Rutgers,N,34,19,15,0.559,14.59,7.32,10,10,14,6,4,7,2326,2079,1370,742,1855,0.4,245,796,0.308,350,509,0.688,333,1166,417,200,133,492,543
Sacramento State,N,32,14,18,0.438,-4.63,-1.6,7,11,9,4,5,10,2114,2169,1305,822,1801,0.456,193,549,0.352,332,451,0.736,248,950,379,213,85,302,496
Sacred Heart,N,33,16,17,0.485,-12.78,-10.9,8,8,9,6,7,11,2332,2351,1330,866,1973,0.439,246,729,0.337,373,533,0.7,362,1226,461,245,101,463,501
Saint Francis (PA),N,31,13,18,0.419,-13.41,-9.27,9,7,10,5,3,13,2263,2286,1245,843,1868,0.451,218,660,0.33,382,552,0.692,304,1062,422,209,84,329,534
Saint Joseph's,N,33,16,17,0.485,-0.33,-0.3,8,10,10,6,4,7,2388,2389,1330,834,1923,0.434,276,810,0.341,445,630,0.706,355,1195,491,226,120,437,574
Saint Louis,N,33,21,12,0.636,6.04,2.85,12,6,15,3,4,7,2493,2348,1320,819,1977,0.414,254,754,0.337,456,633,0.72,327,1110,433,211,109,353,561
Saint Mary's (CA) ,Y,35,27,8,0.771,17.41,7.17,14,2,16,2,6,2,2473,2105,1415,753,1806,0.417,191,577,0.331,408,549,0.743,242,1000,280,166,128,436,596
Saint Peter's,N,32,14,18,0.438,-9.89,-5.25,7,13,8,6,4,11,1986,2083,1290,664,1551,0.428,189,557,0.339,566,789,0.717,294,1037,332,147,140,402,516
Sam Houston State,N,34,26,8,0.765,7.14,1.07,14,4,12,1,11,6,2454,2015,1370,667,1704,0.391,262,795,0.33,419,598,0.701,276,1040,374,193,102,564,554
Samford,N,32,21,11,0.656,0.5,-4.36,15,3,13,3,8,7,2519,2290,1300,770,1783,0.432,287,782,0.367,463,654,0.708,296,1066,440,207,72,468,649
San Diego,N,31,11,20,0.355,-2.06,3.28,4,12,8,9,3,8,2391,2495,1250,897,1818,0.493,309,757,0.408,392,587,0.668,296,1077,540,168,93,399,546
San Diego State ,Y,39,32,7,0.821,15.81,8.91,15,3,15,1,8,2,2775,2475,1570,878,2146,0.409,243,857,0.284,476,633,0.752,345,1255,413,243,116,503,697
San Francisco,N,34,20,14,0.588,6,3.63,7,9,11,5,5,6,2591,2496,1370,854,1941,0.44,230,675,0.341,558,726,0.769,311,1113,384,228,85,431,590
San Jose State,N,35,21,14,0.6,5.17,4.52,10,8,12,3,5,8,2362,2318,1415,826,1970,0.419,240,700,0.343,426,559,0.762,294,1067,419,180,91,291,518
Santa Clara,N,33,23,10,0.697,8.54,5.04,11,5,14,5,6,3,2538,2413,1335,883,2035,0.434,281,785,0.358,366,501,0.731,287,1106,446,211,88,392,582
Seattle,N,32,20,12,0.625,0.9,0.67,11,7,12,2,7,7,2303,2209,1285,791,1847,0.428,207,643,0.322,420,600,0.7,284,1125,412,197,111,422,592
Seton Hall,N,33,17,16,0.515,11.01,8.51,10,10,10,6,6,7,2256,2149,1320,762,1835,0.415,215,676,0.318,410,568,0.722,342,1121,415,233,144,475,598
Siena,N,32,17,15,0.531,-3.43,-4.81,11,9,8,5,7,8,2195,2151,1295,793,1765,0.449,166,495,0.335,399,582,0.686,284,1019,341,244,101,398,555
SIU Edwardsville,N,33,19,14,0.576,-6.45,-7.52,9,9,9,5,7,8,2463,2353,1320,823,1936,0.425,235,699,0.336,472,646,0.731,357,1171,390,197,91,452,633
South Alabama,N,35,19,16,0.543,3.56,-0.5,9,9,10,4,4,10,2483,2282,1405,853,2032,0.42,171,581,0.294,405,565,0.717,346,1253,350,185,102,384,452
South Carolina,N,32,11,21,0.344,-2.3,5.99,4,14,7,8,4,8,2059,2324,1300,864,1858,0.465,228,674,0.338,368,546,0.674,343,1122,470,234,112,336,478
South Carolina State,N,31,5,26,0.161,-16.73,-4.13,2,12,4,6,1,19,2274,2599,1250,890,1785,0.499,259,652,0.397,560,777,0.721,343,1152,521,233,132,485,536
South Carolina Upstate,N,32,16,16,0.5,-7.44,-3.81,10,8,11,2,4,12,2198,2225,1285,750,1732,0.433,211,632,0.334,514,729,0.705,340,1127,353,202,82,460,564
South Dakota,N,31,12,19,0.387,-9.87,-3.31,7,11,8,6,2,11,2149,2282,1240,813,1800,0.452,256,718,0.357,400,547,0.731,283,1060,381,196,115,305,506
South Dakota State,N,32,19,13,0.594,-1.81,-2.07,13,5,10,2,6,9,2270,2233,1290,826,1880,0.439,254,768,0.331,327,431,0.759,276,1092,408,202,101,381,532
South Florida,Y,32,14,18,0.438,1.94,1.94,7,11,9,9,4,7,2303,2303,1285,783,1818,0.431,245,702,0.349,492,675,0.729,314,1087,430,219,97,418,536
Southeast Missouri State ,N,36,19,17,0.528,-7.4,-6.81,10,8,9,4,5,11,2789,2734,1465,928,2085,0.445,256,744,0.344,622,899,0.692,343,1305,470,247,99,527,716
Southeastern Louisiana,N,32,18,14,0.563,-8,-6.73,12,6,10,4,7,8,2483,2432,1305,861,1872,0.46,295,772,0.382,415,603,0.688,327,1135,472,193,87,465,550
Southern,Y,32,15,17,0.469,-8.59,-6.52,11,7,9,2,5,12,2300,2280,1290,766,1741,0.44,239,722,0.331,509,731,0.696,296,1136,457,211,124,552,560
Southern California ,N,33,22,11,0.667,13.06,8,14,6,15,2,5,5,2391,2224,1325,776,1977,0.393,245,733,0.334,427,598,0.714,415,1181,433,224,98,406,576
Southern Illinois,N,33,23,10,0.697,1.15,-2.13,14,6,13,2,8,6,2168,2026,1325,743,1769,0.42,201,609,0.33,339,521,0.651,299,1067,365,208,95,428,527
Southern Indiana,N,33,16,17,0.485,-8.86,-7.13,9,9,10,4,5,11,2500,2447,1335,829,1903,0.436,263,761,0.346,526,731,0.72,310,1144,402,204,133,418,602
Southern Methodist,N,32,10,22,0.313,-0.12,5.2,5,13,7,9,1,11,2248,2418,1300,864,1908,0.453,247,708,0.349,443,625,0.709,343,1201,495,225,152,428,561
Southern Mississippi,N,33,25,8,0.758,3.29,-1.58,14,4,15,0,8,7,2436,2182,1320,778,1874,0.415,225,709,0.317,401,566,0.708,343,1119,408,221,83,481,550
Southern Utah,N,37,24,13,0.649,3.38,1.41,12,6,13,2,5,8,3064,2764,1510,999,2270,0.44,288,829,0.347,478,675,0.708,344,1292,473,252,128,527,760
St. Bonaventure,N,32,14,18,0.438,-1.31,-0.4,8,10,11,4,2,11,2136,2165,1290,735,1713,0.429,194,675,0.287,501,700,0.716,311,1104,414,191,88,418,508
St. Francis (NY),N,30,14,16,0.467,-16.49,-11.17,7,9,10,5,4,11,1946,2034,1205,749,1677,0.447,177,454,0.39,359,516,0.696,311,1053,401,192,92,409,493
St. John's (NY),N,33,18,15,0.545,8.64,6.49,7,13,12,6,3,9,2552,2481,1340,885,2037,0.434,277,802,0.345,434,603,0.72,339,1178,509,271,108,486,533
St. Thomas,N,33,19,14,0.576,-3.09,-4.64,9,9,12,2,4,11,2447,2316,1320,839,1845,0.455,222,661,0.336,416,561,0.742,305,1134,390,140,118,390,563
Stanford,N,33,14,19,0.424,9.63,7.66,7,13,9,6,2,8,2321,2256,1320,806,1819,0.443,263,742,0.354,381,521,0.731,285,1041,415,196,90,400,535
Stephen F. Austin,N,32,19,13,0.594,0.72,-0.7,11,7,12,4,6,5,2427,2238,1305,764,1740,0.439,214,645,0.332,496,714,0.695,341,1067,459,197,108,578,670
Stetson,N,31,17,14,0.548,-2.83,-2.69,12,6,9,3,7,9,2381,2287,1270,826,1821,0.454,244,692,0.353,391,524,0.746,295,1034,421,163,74,317,463
Stonehill,N,31,14,17,0.452,-12.85,-8.59,10,6,7,4,6,12,2076,2157,1255,779,1822,0.428,253,735,0.344,346,493,0.702,344,1127,425,217,91,419,509
Stony Brook,N,33,11,22,0.333,-12.45,-4.13,6,12,7,7,3,13,2083,2279,1325,824,1935,0.426,289,846,0.342,342,489,0.699,317,1161,442,239,71,303,522
Syracuse,N,32,17,15,0.531,5.39,4.17,10,10,11,7,5,6,2372,2333,1290,851,1984,0.429,329,958,0.343,302,430,0.702,400,1159,619,210,88,412,524
Tarleton State,N,34,17,17,0.5,-0.76,1.7,8,9,12,2,2,12,2446,2308,1370,758,1707,0.444,264,739,0.357,528,731,0.722,305,1132,432,169,120,617,714
TCU ,Y,35,22,13,0.629,15.6,8.77,9,9,13,4,3,7,2634,2395,1405,871,2038,0.427,220,714,0.308,433,613,0.706,374,1221,480,222,154,539,584
Temple,N,32,16,16,0.5,4.68,5.31,10,8,9,7,6,6,2227,2247,1305,810,1881,0.431,213,634,0.336,414,592,0.699,333,1108,419,237,93,360,559
Tennessee ,Y,36,25,11,0.694,20.83,7.97,11,7,14,2,4,6,2547,2084,1445,707,1895,0.373,210,792,0.265,460,640,0.719,337,1147,356,236,104,528,639
Tennessee State,N,32,18,14,0.563,-9.01,-8.94,10,8,13,4,4,8,2499,2401,1281,809,1845,0.438,233,675,0.345,550,738,0.745,303,1148,394,202,102,436,615
Tennessee Tech,N,33,16,17,0.485,-9.4,-6.37,11,7,11,5,4,11,2432,2421,1355,888,2026,0.438,260,793,0.328,385,519,0.742,356,1237,504,227,107,437,561
Tennessee-Martin,N,33,19,14,0.576,-8.68,-7.92,10,8,14,2,4,11,2658,2489,1335,877,2076,0.422,270,838,0.322,465,679,0.685,361,1226,474,208,128,426,590
Texas A&M ,Y,35,25,10,0.714,13.75,7.41,15,3,15,1,7,4,2549,2327,1400,783,1924,0.407,290,880,0.33,471,667,0.706,373,1122,462,251,140,490,699
Texas A&M-Commerce,Y,32,13,19,0.406,-11.09,-7.53,9,9,5,6,7,12,2299,2355,1305,822,1781,0.462,214,622,0.344,497,686,0.724,314,1091,414,207,73,394,520
Texas A&M-Corpus Christi ,N,35,24,11,0.686,-2.58,-7.03,14,4,14,2,7,7,2803,2561,1410,893,1995,0.448,288,860,0.335,487,716,0.68,339,1175,515,226,119,529,668
Texas ,Y,38,29,9,0.763,20.55,10.42,12,6,17,1,4,6,2963,2578,1535,906,2132,0.425,240,741,0.324,526,719,0.732,380,1307,421,220,120,595,663
Texas Southern ,Y,35,14,21,0.4,-10.58,-5.06,7,11,7,6,3,13,2422,2518,1430,868,2029,0.428,240,724,0.331,542,759,0.714,341,1242,409,270,117,481,652
Texas State,N,35,16,19,0.457,-2.33,-0.71,6,12,4,10,7,7,2309,2334,1400,800,1799,0.445,216,598,0.361,518,726,0.713,298,1078,373,218,115,427,584
Texas Tech,N,32,16,16,0.5,12.58,8.23,5,13,11,6,3,7,2347,2208,1290,785,1872,0.419,260,802,0.324,378,532,0.711,341,1049,428,228,117,443,551
Texas-Rio Grande Valley,N,32,15,17,0.469,-6.49,-0.56,5,12,12,6,3,10,2518,2502,1290,867,1963,0.442,238,716,0.332,530,718,0.738,328,1099,532,250,113,414,700
The Citadel,N,32,10,22,0.313,-12.13,-3.77,5,13,5,9,4,11,2158,2374,1280,831,1861,0.447,260,777,0.335,452,626,0.722,345,1186,427,228,109,361,508
Toledo,N,36,28,8,0.778,6.16,-2.16,16,2,13,1,10,4,3082,2776,1440,1012,2198,0.46,300,828,0.362,452,599,0.755,388,1227,495,190,123,474,678
Towson,N,33,21,12,0.636,0.24,-4.79,12,6,10,2,8,7,2368,2202,1335,774,1845,0.42,245,737,0.332,409,545,0.75,300,1033,392,184,93,388,535
Troy,N,33,20,13,0.606,1.38,-1.25,11,7,11,3,7,8,2414,2204,1330,770,1814,0.424,207,648,0.319,457,609,0.75,325,1137,357,218,96,513,581
Tulane,N,31,20,11,0.645,5.46,2.69,12,6,12,3,5,4,2478,2392,1260,845,1969,0.429,295,827,0.357,407,582,0.699,362,1243,528,189,144,450,549
Tulsa,N,30,5,25,0.167,-8.48,3.66,1,17,4,10,0,12,1959,2323,1210,864,1822,0.474,226,722,0.313,369,506,0.729,339,1160,496,224,111,355,475
UAB,N,40,29,11,0.725,10.59,1.77,14,6,17,2,7,5,3234,2833,1645,1018,2455,0.415,288,917,0.314,509,701,0.726,450,1416,494,270,148,571,696
UC Davis,N,32,18,14,0.563,-0.31,-1.74,11,8,10,4,5,9,2392,2274,1295,830,1862,0.446,205,559,0.367,409,582,0.703,309,1050,369,216,105,473,675
UC Irvine,N,35,23,12,0.657,4.16,-0.6,15,5,11,4,9,7,2617,2352,1405,797,2010,0.397,231,716,0.323,527,722,0.73,335,1185,404,206,113,445,577
UC Riverside,N,34,22,12,0.647,0.72,-0.34,14,6,9,4,9,7,2463,2352,1380,841,1848,0.455,180,537,0.335,490,681,0.72,250,1078,386,202,103,406,567
UC San Diego,N,30,10,20,0.333,-6.94,-0.76,5,13,4,10,6,9,2057,2189,1230,801,1788,0.448,233,640,0.364,354,487,0.727,301,1104,447,180,95,344,481
UC Santa Barbara ,Y,35,27,8,0.771,3.3,-2.03,15,5,12,3,10,4,2510,2305,1405,845,1902,0.444,206,599,0.344,409,546,0.749,290,1057,408,173,79,430,619
UCLA ,Y,37,31,6,0.838,22.11,8.65,18,2,17,0,9,2,2743,2245,1480,812,1992,0.408,240,772,0.311,381,547,0.697,350,1198,415,171,99,580,608
UNC Asheville ,Y,35,27,8,0.771,-1.74,-4.35,16,2,13,0,10,6,2604,2418,1420,901,2125,0.424,217,731,0.297,399,555,0.719,369,1196,418,247,126,446,701
UNC Greensboro,N,32,20,12,0.625,1.66,-2.91,14,4,11,3,8,6,2306,2064,1291,728,1799,0.405,236,740,0.319,372,547,0.68,304,1065,343,186,74,425,560
UNC Wilmington,N,34,24,10,0.706,-1.18,-3.05,12,6,11,3,8,6,2343,2187,1375,766,1783,0.43,199,654,0.304,456,650,0.702,314,1107,305,193,95,473,667
UT Arlington,N,32,11,21,0.344,-4.99,2.12,6,12,6,8,4,9,2125,2190,1285,751,1718,0.437,238,653,0.364,450,639,0.704,305,1079,406,193,102,456,587
Utah,N,32,17,15,0.531,11.33,6.52,10,10,12,5,4,7,2197,2043,1285,764,1924,0.397,204,676,0.302,311,470,0.662,337,1121,409,198,121,325,515
Utah State ,Y,35,26,9,0.743,14.22,6.81,13,5,14,2,6,4,2736,2446,1405,870,2055,0.423,241,694,0.347,465,624,0.745,303,1103,413,197,88,388,658
Utah Tech,N,33,14,19,0.424,-0.17,1,5,13,9,5,3,13,2495,2420,1330,854,1851,0.461,241,691,0.349,471,642,0.734,287,1060,453,232,103,490,705
Utah Valley,N,37,28,9,0.757,8.47,1.82,15,3,14,1,12,5,2863,2538,1500,928,2380,0.39,235,766,0.307,447,669,0.668,447,1354,418,249,111,458,706
UTEP,N,32,14,18,0.438,-0.81,1.75,7,13,11,7,3,10,2192,2192,1315,767,1718,0.446,214,643,0.333,444,620,0.716,301,1050,340,252,111,536,625
UTSA,N,32,10,22,0.313,-7.81,1.09,4,16,8,10,2,11,2217,2450,1291,883,1961,0.45,254,734,0.346,430,608,0.707,358,1181,449,221,154,354,594
Valparaiso,N,32,11,21,0.344,-8.69,-2.73,5,15,8,7,2,12,2206,2355,1310,843,1882,0.448,239,704,0.339,430,586,0.734,273,1116,444,224,82,355,480
Vanderbilt,N,37,22,15,0.595,8.96,8.53,11,7,14,6,5,6,2661,2645,1490,954,2219,0.43,248,799,0.31,489,693,0.706,432,1368,470,210,98,381,646
Vermont ,Y,34,23,11,0.676,1.65,-3.11,14,2,13,1,9,6,2471,2276,1377,835,1866,0.447,246,687,0.358,360,497,0.724,241,1103,380,171,90,389,527
Villanova,N,34,17,17,0.5,10.61,8.7,10,10,10,4,5,9,2366,2301,1365,817,1871,0.437,264,780,0.338,403,519,0.776,280,1122,491,189,104,384,524
Virginia Commonwealth ,Y,35,27,8,0.771,9.9,1.95,15,3,15,3,8,3,2480,2202,1400,789,1903,0.415,207,649,0.319,417,592,0.704,358,1157,405,229,124,572,689
Virginia ,Y,33,25,8,0.758,13.28,5.98,15,5,15,1,6,5,2237,1996,1325,712,1717,0.415,234,687,0.341,338,452,0.748,262,1055,377,159,123,403,536
Virginia Tech,N,34,19,15,0.559,9.36,5.3,8,12,13,4,2,10,2521,2383,1365,892,2000,0.446,242,712,0.34,357,503,0.71,323,1148,424,191,119,371,530
VMI,N,32,7,25,0.219,-16.14,-3.45,2,16,6,8,1,14,2220,2457,1290,879,1883,0.467,343,935,0.367,356,506,0.704,285,1084,529,200,132,339,450
Wagner,N,28,15,13,0.536,-11.81,-10.85,8,8,8,4,7,9,1766,1727,1130,568,1324,0.429,151,479,0.315,440,616,0.714,202,865,305,166,106,377,404
Wake Forest,N,33,19,14,0.576,8.25,5.43,10,10,13,3,4,8,2528,2435,1330,892,1990,0.448,269,769,0.35,382,531,0.719,310,1142,413,230,124,403,591
Washington,N,32,16,16,0.5,6.78,7.94,8,12,12,6,2,9,2213,2250,1300,834,2005,0.416,220,741,0.297,360,509,0.707,422,1218,501,223,114,413,557
Washington State,N,34,17,17,0.5,10.51,7.9,11,9,10,4,5,8,2324,2235,1365,836,1875,0.446,194,603,0.322,369,533,0.692,288,1089,403,199,93,366,569
Weber State,N,33,18,15,0.545,-2.94,-1.33,12,6,8,4,8,8,2219,2229,1345,789,1762,0.448,271,730,0.371,380,544,0.699,238,1045,460,185,99,429,583
West Virginia ,Y,34,19,15,0.559,15.94,10.88,7,11,13,4,3,8,2583,2411,1365,834,1857,0.449,222,652,0.34,521,718,0.726,319,1062,420,227,82,496,728
Western Carolina,N,34,18,16,0.529,-6.34,-4.08,10,8,9,5,6,9,2513,2405,1385,871,1987,0.438,197,605,0.326,466,648,0.719,296,1189,376,193,119,368,579
Western Illinois,N,30,16,14,0.533,-7.58,-4.73,9,9,11,4,5,9,2191,2171,1205,822,1782,0.461,192,590,0.325,335,468,0.716,272,1039,318,151,86,353,543
Western Kentucky,N,33,17,16,0.515,-0.88,1.03,8,12,9,5,5,9,2355,2330,1330,842,2006,0.42,303,850,0.356,343,491,0.699,379,1232,433,200,76,415,553
Western Michigan,N,31,8,23,0.258,-10.5,-2.28,4,14,7,7,1,15,2166,2295,1240,820,1774,0.462,257,712,0.361,398,557,0.715,273,1000,445,195,89,305,497
Wichita State,N,32,17,15,0.531,5.78,3.25,9,9,8,8,7,4,2272,2191,1300,784,1931,0.406,265,788,0.336,358,501,0.715,334,1094,446,222,107,373,493
William & Mary,N,33,13,20,0.394,-10.98,-4.18,7,11,11,5,1,14,2219,2320,1325,864,1861,0.464,237,680,0.349,355,506,0.702,310,1111,422,204,163,373,523
Winthrop,N,32,15,17,0.469,-6.63,-3.6,10,8,10,4,4,11,2360,2382,1285,888,1890,0.47,253,721,0.351,353,553,0.638,367,1089,450,240,123,388,651
Wisconsin,N,35,20,15,0.571,10.99,9.3,9,11,11,6,6,6,2284,2225,1430,831,1871,0.444,217,686,0.316,346,515,0.672,276,1228,358,158,125,413,569
Wofford,N,33,17,16,0.515,-5.02,-3.32,8,10,12,4,4,11,2466,2392,1340,878,1908,0.46,278,801,0.347,358,489,0.732,287,1023,401,189,101,369,533
Wright State,N,33,18,15,0.545,-2.33,-5.87,10,10,9,6,7,8,2637,2432,1350,897,2062,0.435,262,798,0.328,376,555,0.677,330,1138,373,262,91,434,519
Wyoming,N,31,9,22,0.29,2.01,6.11,4,14,7,8,1,8,2144,2234,1245,796,1733,0.459,248,684,0.363,394,500,0.788,251,1024,389,190,96,346,537
Xavier ,Y,37,27,10,0.73,16.03,9.16,15,5,15,2,7,4,2995,2741,1485,1012,2285,0.443,274,765,0.358,443,618,0.717,339,1195,542,258,143,434,654
Yale,N,30,21,9,0.7,7.81,-1.62,10,4,10,2,8,7,2273,1897,1210,653,1650,0.396,216,673,0.321,375,540,0.694,251,957,329,174,84,378,508
Youngstown State,N,34,24,10,0.706,1.69,-5.81,15,5,14,3,9,6,2785,2465,1385,929,2065,0.45,238,698,0.341,369,525,0.703,347,1127,456,176,83,438,553
