School,NCAA Tournament?,Tournament Result,G,W,L,W-L%,SRS,SOS,W,L,W,L,W,L,Tm.,Opp.,MP,FG,FGA,FG%,3P,3PA,3P%,FT,FTA,FT%,ORB,TRB,AST,STL,BLK,TOV,PF
Abilene Christian,N,Didn't Qualify,30,13,17,0.433,-2.8,0.9,5,11,9,5,4,8,2249,2133,1210,812,1800,0.451,211,613,0.344,414,573,0.723,307,972,471,264,71,379,617
Air Force,N,Didn't Qualify,32,14,18,0.438,2,2.12,5,13,10,9,4,9,2142,2146,1295,756,1636,0.462,261,733,0.356,369,511,0.722,213,946,491,184,127,391,544
Akron,N,Didn't Qualify,33,22,11,0.667,4.25,-1.59,13,5,15,1,5,6,2463,2209,1330,844,1898,0.445,300,845,0.355,475,643,0.739,335,1178,443,199,87,370,529
Alabama A&M,N,Didn't Qualify,33,15,18,0.455,-10.78,-7.71,10,8,9,8,5,8,2297,2340,1336,823,1868,0.441,226,610,0.37,425,649,0.655,334,1079,419,264,133,498,624
Alabama State,N,Didn't Qualify,31,8,23,0.258,-16.33,-6.3,6,12,5,5,2,18,1963,2252,1245,683,1821,0.375,185,605,0.306,412,584,0.705,387,1117,309,182,110,414,557
Alabama ,Y,Sweet 16,37,31,6,0.838,23.18,9.64,16,2,15,0,9,3,3027,2526,1510,1023,2314,0.442,366,1093,0.335,615,848,0.725,484,1652,555,224,189,512,691
Albany (NY),N,Didn't Qualify,31,8,23,0.258,-14.36,-4.53,3,13,5,6,2,16,2086,2332,1245,726,1755,0.414,237,725,0.327,397,550,0.722,317,1033,363,178,51,414,576
Alcorn State,N,Didn't Qualify,32,18,14,0.563,-8.76,-5.82,15,3,7,2,10,10,2165,2259,1301,763,1868,0.408,164,554,0.296,475,659,0.721,384,1087,316,257,80,404,605
American,N,Didn't Qualify,32,17,15,0.531,-8.25,-7.72,7,11,8,6,9,9,2093,2110,1300,785,1630,0.482,204,589,0.346,319,455,0.701,259,970,436,238,126,448,482
Appalachian State,N,Didn't Qualify,32,16,16,0.5,-1.5,-0.98,9,9,10,7,6,7,2248,2067,1290,819,1854,0.442,243,726,0.335,367,543,0.676,288,1142,417,204,146,352,442
Arizona State ,Y,Round of 64,36,23,13,0.639,11.29,8.17,11,9,10,5,7,6,2559,2447,1455,910,2163,0.421,274,851,0.322,465,675,0.689,395,1315,515,255,170,422,668
Arizona ,Y,Round of 64,35,28,7,0.8,19.08,8.34,14,6,15,2,6,4,2866,2490,1400,1023,2072,0.494,295,781,0.378,525,742,0.708,356,1376,662,213,110,468,593
Arkansas State,N,Didn't Qualify,33,13,20,0.394,-8.08,-3.32,4,14,10,8,2,11,2169,2232,1325,777,1799,0.432,209,593,0.352,406,600,0.677,325,1108,433,220,108,385,553
Arkansas ,Y,Sweet 16,36,22,14,0.611,15.98,9.87,8,10,14,3,2,8,2666,2446,1445,961,2063,0.466,179,572,0.313,565,810,0.698,373,1272,462,302,182,458,694
Arkansas-Pine Bluff,N,Didn't Qualify,31,10,21,0.323,-13.01,-5.38,6,12,8,5,2,16,2074,2162,1250,701,1791,0.391,245,776,0.316,427,587,0.727,314,1071,396,250,86,473,611
Army,N,Didn't Qualify,33,17,16,0.515,-7.13,-7.58,10,8,10,5,7,8,2412,2322,1330,885,1853,0.478,252,718,0.351,390,570,0.684,280,1132,432,168,70,427,532
Auburn ,Y,Round of 32,34,21,13,0.618,14.34,9.28,10,8,14,2,4,8,2474,2302,1365,875,1991,0.439,221,701,0.315,503,723,0.696,396,1231,479,263,172,414,655
Austin Peay,N,Didn't Qualify,31,9,22,0.29,-12.17,-2.6,3,15,7,8,1,13,2067,2241,1245,743,1790,0.415,222,690,0.322,359,495,0.725,312,972,387,220,94,364,525
Ball State,N,Didn't Qualify,32,20,12,0.625,-1.13,-3.43,11,7,12,2,6,7,2445,2292,1285,841,1785,0.471,240,651,0.369,523,759,0.689,337,1147,422,176,123,391,525
Baylor ,Y,Round of 32,34,23,11,0.676,17.3,10.53,11,7,14,3,5,5,2619,2389,1365,880,1957,0.45,323,878,0.368,536,720,0.744,391,1155,483,223,82,413,590
Bellarmine,N,Didn't Qualify,33,15,18,0.455,-7.41,-1.35,9,9,8,6,6,12,2187,2216,1330,797,1738,0.459,264,752,0.351,329,436,0.755,217,960,467,184,45,368,522
Belmont,N,Didn't Qualify,32,21,11,0.656,1.88,-1.92,14,6,12,2,7,7,2447,2299,1290,898,1902,0.472,307,791,0.388,344,474,0.726,267,1055,488,225,101,365,499
Bethune-Cookman,N,Didn't Qualify,33,13,20,0.394,-16.84,-7.87,9,10,8,5,4,13,2232,2459,1325,793,1926,0.412,227,627,0.362,419,602,0.696,327,1066,371,236,97,420,575
Binghamton,N,Didn't Qualify,31,13,18,0.419,-10.44,-5.51,8,8,8,7,5,11,2133,2217,1260,794,1763,0.45,172,533,0.323,373,523,0.713,301,1086,361,144,98,404,558
Boise State ,Y,Round of 64,34,24,10,0.706,12.78,6.2,13,5,15,1,5,6,2451,2198,1375,878,1938,0.453,265,733,0.362,430,587,0.733,307,1215,385,171,97,379,555
Boston College,N,Didn't Qualify,33,16,17,0.485,1.09,4.73,9,11,9,7,4,7,2197,2317,1330,819,1873,0.437,188,590,0.319,371,512,0.725,308,1093,413,210,118,405,521
Boston University,N,Didn't Qualify,32,15,17,0.469,-8.1,-6.52,8,10,9,4,6,11,2147,2151,1300,761,1845,0.412,238,722,0.33,387,524,0.739,328,1136,335,205,79,384,561
Bowling Green State,N,Didn't Qualify,31,11,20,0.355,-8.4,-3.74,5,13,7,9,4,11,2355,2434,1240,840,1859,0.452,224,658,0.34,451,622,0.725,326,1109,428,188,93,378,550
Bradley,N,Didn't Qualify,35,25,10,0.714,6.52,-0.66,16,4,15,1,8,6,2473,2195,1405,917,1989,0.461,276,777,0.355,363,546,0.665,341,1240,465,238,136,409,565
Brigham Young,N,Didn't Qualify,34,19,15,0.559,9.43,5.4,7,9,12,4,2,7,2568,2376,1365,913,2008,0.455,276,812,0.34,466,650,0.717,374,1272,501,251,135,481,659
Brown,N,Didn't Qualify,27,14,13,0.519,-2.46,-2.69,7,7,7,5,7,8,1878,1872,1086,682,1557,0.438,216,622,0.347,298,464,0.642,241,942,372,194,87,361,438
Bryant,N,Didn't Qualify,30,17,13,0.567,-3.59,-4.52,8,8,9,4,7,8,2381,2193,1205,848,1821,0.466,243,714,0.34,442,602,0.734,318,1179,403,200,106,402,518
Bucknell,N,Didn't Qualify,32,12,20,0.375,-9.93,-6.96,5,13,7,7,3,13,2161,2192,1290,797,1749,0.456,235,660,0.356,332,463,0.717,260,1084,429,176,121,427,498
Buffalo,N,Didn't Qualify,32,15,17,0.469,-2.9,0.73,9,9,11,4,3,9,2481,2485,1285,906,2000,0.453,224,696,0.322,445,632,0.704,377,1208,470,254,102,452,602
Butler,N,Didn't Qualify,32,14,18,0.438,5.85,8.54,6,14,10,6,3,10,2088,2174,1280,771,1767,0.436,207,633,0.327,339,459,0.739,207,958,403,216,138,378,429
Cal Poly,N,Didn't Qualify,33,8,25,0.242,-7.51,-0.54,1,18,6,11,1,13,2006,2174,1330,715,1733,0.413,181,615,0.294,395,531,0.744,281,1080,341,181,82,457,653
Cal State Bakersfield,N,Didn't Qualify,33,11,22,0.333,-8.35,-1.48,6,14,6,8,3,12,1995,2134,1340,732,1770,0.414,142,437,0.325,389,512,0.76,311,1055,355,205,100,424,621
Cal State Fullerton,N,Didn't Qualify,33,20,13,0.606,1.73,-0.27,12,6,11,2,7,8,2283,2148,1360,779,1812,0.43,253,686,0.369,472,681,0.693,303,1108,340,214,85,391,590
Cal State Northridge,N,Didn't Qualify,32,7,25,0.219,-10.4,-1.74,4,16,7,8,0,14,2028,2194,1285,695,1735,0.401,184,575,0.32,454,612,0.742,313,1066,314,201,99,400,605
California,N,Didn't Qualify,32,3,29,0.094,-3.36,8.42,2,18,3,14,0,12,1866,2243,1290,662,1694,0.391,156,524,0.298,386,534,0.723,278,1007,308,151,100,417,548
California Baptist,N,Didn't Qualify,33,17,16,0.515,0.21,-0.69,7,10,12,5,4,8,2291,2156,1330,811,1898,0.427,276,837,0.33,393,592,0.664,362,1227,471,146,103,379,569
Campbell,N,Didn't Qualify,34,16,18,0.471,-5.23,-4.89,8,10,8,6,4,10,2374,2329,1385,830,1777,0.467,228,683,0.334,486,691,0.703,267,1066,416,212,97,404,554
Canisius,N,Didn't Qualify,30,10,20,0.333,-7.02,-3.44,8,12,7,7,3,12,2111,2169,1225,763,1809,0.422,255,734,0.347,328,448,0.732,313,1008,431,168,79,357,469
Central Arkansas,N,Didn't Qualify,31,9,22,0.29,-13.71,-3.15,4,14,6,8,2,13,2261,2527,1255,818,1987,0.412,264,818,0.323,361,482,0.749,347,1128,384,202,98,413,508
Central Connecticut State,N,Didn't Qualify,32,10,22,0.313,-13.68,-9.49,7,9,6,7,4,14,2111,2245,1295,791,1874,0.422,219,669,0.327,310,437,0.709,324,1092,412,179,122,380,451
Central Florida,N,Didn't Qualify,34,19,15,0.559,11.09,5.09,8,10,11,6,5,7,2432,2228,1395,848,1980,0.428,295,835,0.353,441,572,0.771,393,1190,469,261,129,452,566
Central Michigan,N,Didn't Qualify,31,10,21,0.323,-11.9,-2.56,5,13,6,8,3,12,2038,2263,1245,702,1688,0.416,191,637,0.3,443,642,0.69,343,1096,333,181,118,494,614
Charleston Southern,N,Didn't Qualify,31,10,21,0.323,-9.43,-4.46,5,13,6,8,3,12,2251,2305,1245,819,1850,0.443,251,731,0.343,362,498,0.727,360,1091,373,157,81,365,562
Charlotte,N,Didn't Qualify,36,22,14,0.611,3.84,-0.52,9,11,11,4,5,8,2410,2253,1465,885,1871,0.473,291,772,0.377,349,465,0.751,231,1066,469,199,90,382,489
Chattanooga,N,Didn't Qualify,35,18,17,0.514,-2.34,-3.34,7,11,9,7,6,9,2702,2523,1405,924,2042,0.452,398,1057,0.377,456,639,0.714,335,1268,536,200,121,407,552
Chicago State,N,Didn't Qualify,31,11,20,0.355,-11.27,-3.49,,,8,0,3,20,2180,2264,1245,760,1757,0.433,256,755,0.339,404,555,0.728,365,1090,379,175,83,422,561
Cincinnati,N,Didn't Qualify,36,23,13,0.639,11.78,4.98,11,7,16,3,5,7,2776,2495,1450,1022,2281,0.448,314,894,0.351,418,592,0.706,403,1341,559,226,142,384,570
Clemson,N,Didn't Qualify,34,23,11,0.676,10.54,3.71,14,6,15,2,5,6,2540,2308,1370,899,1923,0.467,282,775,0.364,460,586,0.785,252,1196,485,175,107,376,589
Cleveland State,N,Didn't Qualify,35,21,14,0.6,-2.58,-5.04,14,6,13,3,7,9,2512,2405,1425,958,2110,0.454,178,580,0.307,418,614,0.681,438,1242,465,242,119,406,582
Coastal Carolina,N,Didn't Qualify,31,11,20,0.355,-8.93,-1.75,5,13,8,8,3,11,2273,2294,1250,816,1880,0.434,223,705,0.316,418,533,0.784,349,1153,383,188,99,379,497
Colgate ,Y,Round of 64,35,26,9,0.743,2.21,-5.85,17,1,14,2,11,4,2733,2426,1400,1042,2038,0.511,286,709,0.403,363,549,0.661,279,1179,637,248,100,357,438
College of Charleston ,Y,Round of 64,35,31,4,0.886,8.4,-4.01,16,2,17,1,11,2,2804,2353,1410,959,2202,0.436,348,1051,0.331,538,723,0.744,472,1411,478,259,109,418,590
Colorado,N,Didn't Qualify,35,18,17,0.514,11.16,8.39,8,12,13,5,2,9,2445,2348,1400,894,2059,0.434,229,712,0.322,428,616,0.695,388,1300,454,261,128,463,566
Colorado State,N,Didn't Qualify,33,15,18,0.455,5.64,5.86,6,12,9,7,4,8,2391,2355,1336,873,1790,0.488,251,689,0.364,394,529,0.745,197,1014,545,187,81,368,537
Columbia,N,Didn't Qualify,29,7,22,0.241,-14.37,-2.37,2,12,6,9,1,13,1966,2197,1170,696,1728,0.403,226,714,0.317,348,487,0.715,296,998,340,196,58,401,485
Connecticut ,Y,Champion,39,31,8,0.795,22.95,8.51,13,7,15,2,6,5,3064,2501,1560,1082,2333,0.464,353,973,0.363,547,719,0.761,507,1534,684,245,190,503,692
Coppin State,N,Didn't Qualify,32,9,23,0.281,-14.76,-3.6,4,10,4,6,5,16,2304,2661,1300,779,1790,0.435,268,793,0.338,478,665,0.719,206,973,361,246,81,477,629
Cornell,N,Didn't Qualify,28,17,11,0.607,0.63,-2.41,7,7,11,2,6,8,2287,2129,1125,816,1738,0.47,300,851,0.353,355,490,0.724,291,964,489,272,63,348,466
Creighton ,Y,Elite 8,37,24,13,0.649,17.83,9.8,14,6,13,2,5,6,2828,2531,1490,1014,2164,0.469,319,902,0.354,481,614,0.783,306,1369,581,185,152,429,486
Dartmouth,N,Didn't Qualify,28,10,18,0.357,-7.98,-2.52,6,8,7,5,3,11,1998,2027,1135,719,1626,0.442,228,685,0.333,332,475,0.699,236,976,360,153,113,404,476
Davidson,N,Didn't Qualify,32,16,16,0.5,1.99,1.47,8,10,7,8,6,6,2236,2197,1295,785,1774,0.443,216,664,0.325,450,602,0.748,265,1054,420,172,41,347,485
Dayton,N,Didn't Qualify,34,22,12,0.647,8.71,1.1,12,6,14,2,5,6,2334,2075,1370,833,1784,0.467,225,665,0.338,443,634,0.699,321,1229,518,163,149,411,470
Delaware,N,Didn't Qualify,33,17,16,0.515,-5.56,-3.72,8,10,10,5,4,10,2298,2333,1330,816,1859,0.439,218,680,0.321,448,616,0.727,286,1069,389,228,131,374,540
Delaware State,N,Didn't Qualify,30,6,24,0.2,-17.69,-4.94,4,11,4,8,2,14,1939,2265,1210,714,1725,0.414,171,542,0.315,340,494,0.688,336,1047,372,209,79,481,551
Denver,N,Didn't Qualify,32,15,17,0.469,-9.55,-5.89,6,12,9,5,4,11,2325,2402,1300,835,1716,0.487,144,442,0.326,511,713,0.717,290,1126,363,177,98,479,544
DePaul,N,Didn't Qualify,33,10,23,0.303,2.9,9.02,3,17,7,8,2,12,2349,2551,1340,838,1961,0.427,273,742,0.368,400,541,0.739,305,1070,457,211,156,427,604
Detroit Mercy,N,Didn't Qualify,33,14,19,0.424,-3.2,-3.6,9,11,9,5,5,13,2527,2486,1330,876,2024,0.433,338,875,0.386,437,569,0.768,433,1212,413,202,64,390,529
Drake ,Y,Round of 64,35,27,8,0.771,7.85,-1.12,15,5,14,1,6,6,2617,2236,1430,952,2032,0.469,278,751,0.37,435,567,0.767,278,1250,478,187,92,368,522
Drexel,N,Didn't Qualify,32,17,15,0.531,-2.27,-5.43,10,8,12,3,3,9,2135,1997,1305,773,1794,0.431,229,725,0.316,360,527,0.683,330,1120,374,180,103,373,464
Duke ,Y,Round of 32,36,27,9,0.75,15.84,7.45,14,6,16,0,4,6,2592,2290,1445,936,2072,0.452,245,731,0.335,475,620,0.766,432,1392,526,204,163,432,549
Duquesne,N,Didn't Qualify,33,20,13,0.606,3.48,-0.15,10,8,16,4,3,7,2472,2352,1322,897,2052,0.437,302,826,0.366,376,542,0.694,410,1177,505,266,124,395,614
East Carolina,N,Didn't Qualify,33,16,17,0.485,-0.28,1.42,6,12,10,6,2,9,2271,2327,1320,769,1896,0.406,249,788,0.316,484,704,0.688,403,1223,433,214,87,435,583
East Tennessee State,N,Didn't Qualify,32,12,20,0.375,-6,-4.44,8,10,7,9,4,9,2211,2208,1285,821,1814,0.453,203,633,0.321,366,546,0.67,343,1122,390,195,99,420,491
Eastern Illinois,N,Didn't Qualify,31,9,22,0.29,-14.08,-6.74,5,13,6,9,3,12,2134,2235,1245,797,1800,0.443,162,493,0.329,378,593,0.637,288,1052,449,260,105,419,559
Eastern Kentucky,N,Didn't Qualify,37,23,14,0.622,-1.48,-1.62,12,6,14,2,5,10,2909,2720,1505,1098,2487,0.441,318,927,0.343,395,599,0.659,503,1481,552,296,176,444,586
Eastern Michigan,N,Didn't Qualify,31,8,23,0.258,-10.99,-1.82,5,13,6,7,2,13,2239,2505,1250,803,1827,0.44,192,608,0.316,441,575,0.767,270,974,299,194,67,367,587
Eastern Washington,N,Didn't Qualify,34,23,11,0.676,1.47,-1.62,16,2,11,2,10,7,2607,2429,1360,931,1901,0.49,300,837,0.358,445,589,0.756,305,1222,523,176,107,461,591
Elon,N,Didn't Qualify,32,8,24,0.25,-12.84,-4.38,6,12,5,9,3,12,2094,2291,1280,762,1791,0.425,218,722,0.302,352,497,0.708,281,1079,389,196,69,395,515
Evansville,N,Didn't Qualify,32,5,27,0.156,-15.12,-1.53,1,19,3,10,1,14,1997,2432,1280,729,1839,0.396,199,618,0.322,340,540,0.63,252,1004,328,224,62,392,520
Fairfield,N,Didn't Qualify,31,13,18,0.419,-6.97,-4.51,9,11,7,6,4,10,2012,2045,1255,690,1681,0.41,178,621,0.287,454,627,0.724,305,1045,296,170,114,367,472
Fairleigh Dickinson ,Y,Round of 32,37,21,16,0.568,-8.97,-9.83,10,6,10,5,8,9,2863,2744,1495,1045,2312,0.452,302,876,0.345,471,626,0.752,427,1271,545,295,74,425,696
Florida,N,Didn't Qualify,33,16,17,0.485,10.9,8.26,9,9,10,6,4,7,2351,2264,1325,830,1904,0.436,220,701,0.314,471,657,0.717,278,1143,406,225,171,371,533
Florida A&M,N,Didn't Qualify,29,7,22,0.241,-17.8,-4.99,5,13,4,7,3,15,1700,2030,1165,595,1536,0.387,167,533,0.313,343,496,0.692,295,953,280,191,105,464,551
Florida Atlantic ,Y,Final 4,39,35,4,0.897,13.85,2.23,18,2,17,0,11,3,3035,2547,1570,1084,2326,0.466,375,1024,0.366,492,684,0.719,425,1519,562,252,100,460,613
Florida Gulf Coast,N,Didn't Qualify,32,17,15,0.531,-2.63,-3.08,7,11,8,5,6,9,2280,2222,1290,805,1844,0.437,295,832,0.355,375,507,0.74,301,1107,409,219,104,365,497
Florida International,N,Didn't Qualify,32,14,18,0.438,-2.78,0.26,8,12,11,7,3,10,2339,2404,1300,867,1861,0.466,219,671,0.326,386,541,0.713,275,1008,397,290,128,473,547
Florida State,N,Didn't Qualify,32,9,23,0.281,-0.38,6.5,7,13,5,11,4,7,2219,2439,1280,802,1840,0.436,209,633,0.33,406,559,0.726,278,1006,430,197,125,388,519
Fordham,N,Didn't Qualify,33,25,8,0.758,2.26,-2.13,12,6,18,2,6,5,2376,2231,1330,797,1901,0.419,252,792,0.318,530,715,0.741,356,1219,418,238,160,446,647
Fresno State,N,Didn't Qualify,31,11,20,0.355,2.6,5.1,6,12,7,7,4,9,1974,2036,1240,720,1673,0.43,210,681,0.308,324,420,0.771,248,938,382,196,103,359,499
Furman ,Y,Round of 32,36,28,8,0.778,4.88,-2.91,15,3,14,2,8,3,2911,2563,1455,1016,2129,0.477,340,988,0.344,539,727,0.741,351,1262,600,238,115,397,604
Gardner-Webb,N,Didn't Qualify,31,15,16,0.484,-3.85,-4.64,10,8,8,5,6,10,2192,2032,1260,813,1741,0.467,196,583,0.336,370,592,0.625,310,1097,399,222,146,403,594
George Mason,N,Didn't Qualify,33,20,13,0.606,1.75,0.29,11,7,14,2,4,7,2268,2220,1330,800,1774,0.451,240,685,0.35,428,657,0.651,302,1180,452,152,103,453,568
George Washington,N,Didn't Qualify,32,16,16,0.5,-1.93,-0.61,10,8,11,6,5,6,2441,2455,1305,869,1849,0.47,228,710,0.321,475,644,0.738,284,1118,406,182,109,403,526
Georgetown,N,Didn't Qualify,32,7,25,0.219,-1.07,7.52,2,18,5,12,1,11,2225,2500,1290,818,1934,0.423,185,599,0.309,404,563,0.718,345,1151,380,197,146,392,462
Georgia,N,Didn't Qualify,32,16,16,0.5,1.79,4.79,6,12,13,4,1,10,2193,2289,1285,728,1774,0.41,215,678,0.317,522,718,0.727,347,1145,358,202,85,423,513
Georgia Southern,N,Didn't Qualify,33,17,16,0.515,-3.25,-2.02,9,9,12,4,3,11,2257,2201,1325,840,1926,0.436,207,659,0.314,370,539,0.686,325,1165,343,232,94,378,551
Georgia State,N,Didn't Qualify,31,10,21,0.323,-6.79,-0.93,3,15,10,9,0,11,2068,2150,1245,745,1789,0.416,164,556,0.295,414,581,0.713,343,1070,342,179,111,400,528
Georgia Tech,N,Didn't Qualify,33,15,18,0.455,2.09,4.89,6,14,11,6,3,9,2301,2335,1325,855,2019,0.423,259,773,0.335,332,477,0.696,349,1155,463,197,134,349,524
Gonzaga ,Y,Elite 8,37,31,6,0.838,18.99,8.04,14,2,15,1,7,2,3187,2715,1485,1188,2282,0.521,279,737,0.379,532,768,0.693,383,1376,602,268,127,397,613
Grambling,N,Didn't Qualify,33,24,9,0.727,-4.03,-8.48,15,3,11,1,9,6,2276,2054,1325,811,1785,0.454,174,489,0.356,480,745,0.644,364,1196,405,242,136,475,624
Grand Canyon ,Y,Round of 64,36,24,12,0.667,4.42,1.27,10,7,14,4,5,5,2706,2421,1450,933,2018,0.462,323,843,0.383,517,722,0.716,364,1317,452,177,115,430,648
Green Bay,N,Didn't Qualify,32,3,29,0.094,-20.29,-3.13,2,18,2,10,1,17,1898,2447,1285,656,1665,0.394,218,724,0.301,368,524,0.702,235,905,350,162,76,447,541
Hampton,N,Didn't Qualify,32,8,24,0.25,-15.25,-4.7,5,13,7,6,1,13,2183,2481,1285,759,1934,0.392,228,709,0.322,437,636,0.687,335,1098,352,138,101,354,587
Hartford,N,Didn't Qualify,28,5,23,0.179,-23.12,-7.96,,,5,10,0,11,1757,1991,1120,659,1543,0.427,206,620,0.332,233,362,0.644,255,886,364,179,105,403,395
Harvard,N,Didn't Qualify,28,14,14,0.5,-0.71,-2.02,5,9,5,7,8,6,1914,1858,1130,700,1593,0.439,184,596,0.309,330,493,0.669,299,1015,370,211,107,381,408
Hawaii,N,Didn't Qualify,33,22,11,0.667,2.36,-2.18,13,7,13,5,6,4,2208,2039,1335,772,1799,0.429,220,667,0.33,444,594,0.747,320,1165,367,151,125,401,528
High Point,N,Didn't Qualify,31,14,17,0.452,-9.88,-5.22,6,12,10,5,2,11,2312,2392,1241,813,1834,0.443,234,720,0.325,452,722,0.626,362,1179,383,203,152,438,573
Hofstra,N,Didn't Qualify,35,25,10,0.714,4.96,-2.3,16,2,11,2,11,5,2619,2324,1415,1001,2084,0.48,303,826,0.367,314,425,0.739,271,1181,504,218,148,376,503
Holy Cross,N,Didn't Qualify,32,10,22,0.313,-14.26,-6.4,7,11,6,9,4,11,2136,2324,1285,812,1862,0.436,219,599,0.366,293,471,0.622,255,1040,398,203,89,387,514
Houston Christian,N,Didn't Qualify,32,10,22,0.313,-17.18,-6.94,7,11,8,8,2,13,2482,2658,1285,851,1863,0.457,265,726,0.365,515,717,0.718,330,1097,474,184,88,489,575
Houston ,Y,Sweet 16,37,33,4,0.892,22.2,4.79,17,1,16,2,11,0,2770,2126,1480,1010,2203,0.458,284,835,0.34,466,636,0.733,474,1441,544,293,182,370,618
Howard ,Y,Round of 64,35,22,13,0.629,-5.04,-5.13,11,3,12,2,6,8,2634,2542,1405,934,2038,0.458,282,754,0.374,484,679,0.713,407,1252,523,252,109,573,614
Idaho,N,Didn't Qualify,32,10,22,0.313,-8.7,-3.86,4,14,6,10,4,11,2335,2332,1296,824,1747,0.472,217,638,0.34,470,617,0.762,222,979,381,164,57,362,539
Idaho State,N,Didn't Qualify,32,11,21,0.344,-6.55,-2.95,8,10,7,7,4,12,2213,2272,1310,794,1785,0.445,245,725,0.338,380,517,0.735,259,1005,392,185,90,370,564
Illinois State,N,Didn't Qualify,32,11,21,0.344,-7.37,-3.37,6,14,8,7,3,9,2127,2255,1300,737,1699,0.434,232,690,0.336,421,531,0.793,280,1045,345,183,105,466,590
Illinois ,Y,Round of 64,33,20,13,0.606,14.82,7.67,11,9,15,2,3,7,2452,2216,1335,874,1946,0.449,251,815,0.308,453,667,0.679,366,1248,409,229,186,426,559
Illinois-Chicago,N,Didn't Qualify,32,12,20,0.375,-8.83,-3.12,4,16,7,8,3,11,2149,2292,1290,747,1794,0.416,255,774,0.329,400,611,0.655,269,1037,421,206,150,410,560
Incarnate Word,N,Didn't Qualify,31,12,19,0.387,-15.06,-8.27,6,12,7,7,3,12,2194,2290,1255,776,1756,0.442,194,557,0.348,448,600,0.747,284,976,382,259,88,425,532
Indiana State,N,Didn't Qualify,36,23,13,0.639,4.88,-4.01,13,7,11,4,7,6,2855,2507,1450,1008,2088,0.483,340,959,0.355,499,647,0.771,249,1245,570,235,69,434,587
Indiana ,Y,Round of 32,35,23,12,0.657,14.96,8.9,12,8,15,2,5,7,2616,2404,1405,994,2044,0.486,200,544,0.368,428,602,0.711,321,1250,533,203,177,402,599
Iona ,Y,Round of 64,35,27,8,0.771,7.62,-2.75,17,3,11,1,8,4,2660,2297,1405,979,2135,0.459,247,683,0.362,453,619,0.732,389,1245,520,261,192,367,568
Iowa State ,Y,Round of 64,33,19,14,0.576,15.36,10.39,9,9,13,3,3,8,2231,2067,1330,834,1882,0.443,211,637,0.331,352,525,0.67,380,1111,457,290,96,427,633
Iowa ,Y,Round of 64,33,19,14,0.576,14.1,8.71,11,9,14,3,4,7,2642,2464,1335,941,2077,0.453,265,779,0.34,495,671,0.738,398,1207,541,216,112,325,488
IUPUI,N,Didn't Qualify,32,5,27,0.156,-18.99,-5.56,2,18,4,9,0,15,2089,2456,1285,786,1718,0.458,146,492,0.297,371,537,0.691,297,1011,358,185,81,506,570
Jackson State,N,Didn't Qualify,33,14,19,0.424,-11.37,-5.4,12,6,7,2,6,14,2232,2429,1338,800,1911,0.419,207,650,0.318,425,630,0.675,384,1137,406,248,82,514,571
Jacksonville,N,Didn't Qualify,29,13,16,0.448,-6.2,-2.55,6,12,7,6,6,10,1837,1816,1160,686,1519,0.452,200,588,0.34,265,353,0.751,220,968,376,148,69,333,409
Jacksonville State,N,Didn't Qualify,31,13,18,0.419,-6.67,-2.6,6,12,9,5,3,12,2166,2178,1245,747,1705,0.438,281,747,0.376,391,559,0.699,318,1117,381,172,74,410,510
James Madison,N,Didn't Qualify,33,22,11,0.667,4.96,-2.31,12,6,11,3,8,6,2658,2246,1340,933,2019,0.462,263,751,0.35,529,748,0.707,393,1257,444,298,87,435,583
Kansas City,N,Didn't Qualify,32,11,21,0.344,-9.76,-3.26,7,11,6,8,3,11,2060,2199,1295,723,1844,0.392,188,665,0.283,426,598,0.712,430,1183,300,192,117,432,585
Kansas State ,Y,Elite 8,36,26,10,0.722,15.78,9.48,11,7,16,1,4,7,2742,2515,1465,961,2083,0.461,258,752,0.343,562,751,0.748,355,1247,611,289,100,498,644
Kansas ,Y,Round of 32,36,28,8,0.778,19.19,11.83,13,5,15,1,7,4,2715,2450,1450,1002,2142,0.468,251,724,0.347,460,639,0.72,353,1294,590,317,139,444,597
Kennesaw State ,Y,Round of 64,35,26,9,0.743,0.6,-2.06,15,3,15,1,10,6,2626,2415,1415,931,2021,0.461,286,783,0.365,478,723,0.661,337,1234,502,276,96,434,631
Kent State ,Y,Round of 64,35,28,7,0.8,7.59,-1.16,15,3,15,0,9,6,2665,2305,1405,957,2128,0.45,275,818,0.336,476,656,0.726,386,1249,432,309,138,398,659
Kentucky ,Y,Round of 32,34,22,12,0.647,14.75,8.08,12,6,14,4,6,4,2532,2305,1370,929,2045,0.454,213,613,0.347,461,653,0.706,472,1339,512,219,125,400,545
La Salle,N,Didn't Qualify,34,15,19,0.441,-2.78,-0.02,7,11,8,8,5,8,2374,2468,1375,863,2037,0.424,248,726,0.342,400,577,0.693,384,1217,408,229,110,427,606
Lafayette,N,Didn't Qualify,34,11,23,0.324,-7.82,-4.53,7,11,5,7,5,16,2120,2232,1394,767,1881,0.408,298,911,0.327,288,460,0.626,284,1106,528,196,101,396,523
Lamar,N,Didn't Qualify,31,9,22,0.29,-17.4,-7.65,5,13,6,9,2,12,2104,2311,1250,761,1767,0.431,178,556,0.32,404,574,0.704,364,1119,409,199,105,441,488
Lehigh,N,Didn't Qualify,30,16,14,0.533,-9.07,-6.04,11,7,9,6,7,8,2094,2082,1200,752,1698,0.443,205,584,0.351,385,516,0.746,203,1006,370,187,71,353,501
Liberty,N,Didn't Qualify,36,27,9,0.75,8.36,-1.91,15,3,19,1,6,7,2689,2194,1440,963,2032,0.474,376,1007,0.373,387,532,0.727,296,1219,580,226,82,373,540
Lindenwood,N,Didn't Qualify,32,11,21,0.344,-14.8,-6.35,6,12,9,4,2,14,2226,2362,1305,804,1873,0.429,239,664,0.36,379,520,0.729,288,1099,376,203,105,424,514
Lipscomb,N,Didn't Qualify,33,20,13,0.606,-1.95,-4.02,11,7,13,2,7,11,2521,2343,1340,943,1983,0.476,266,748,0.356,369,496,0.744,289,1198,466,177,92,399,460
Little Rock,N,Didn't Qualify,31,10,21,0.323,-12.62,-6.96,6,12,8,5,2,16,2337,2461,1250,845,1907,0.443,185,567,0.326,462,632,0.731,339,1107,460,209,72,418,609
Long Beach State,N,Didn't Qualify,33,17,16,0.515,-0.58,-0.42,11,9,9,5,6,9,2524,2455,1355,949,2086,0.455,146,494,0.296,480,708,0.678,429,1341,494,245,108,466,563
Long Island University,N,Didn't Qualify,29,3,26,0.103,-24.46,-6.61,1,15,2,10,1,14,1935,2319,1160,720,1683,0.428,142,420,0.338,353,535,0.66,275,1005,420,192,99,475,511
Longwood,N,Didn't Qualify,32,20,12,0.625,-1.75,-6.35,12,6,12,3,8,8,2341,2119,1280,831,1837,0.452,241,685,0.352,438,607,0.722,357,1111,398,206,70,380,531
Louisiana State,N,Didn't Qualify,33,14,19,0.424,3.32,6.44,2,16,10,8,0,9,2231,2334,1320,768,1875,0.41,239,730,0.327,456,632,0.722,376,1156,406,223,88,405,560
Louisiana Tech,N,Didn't Qualify,33,15,18,0.455,0.03,1.83,7,13,9,6,4,11,2383,2320,1350,854,1930,0.442,281,814,0.345,394,546,0.722,359,1145,408,260,87,451,570
Louisiana ,Y,Round of 64,34,26,8,0.765,4.26,-0.51,13,5,14,0,7,7,2630,2362,1365,950,1972,0.482,239,635,0.376,491,720,0.682,377,1241,489,244,102,415,577
Louisiana-Monroe,N,Didn't Qualify,32,11,21,0.344,-8.64,-0.57,7,11,7,8,4,10,2157,2235,1295,759,1860,0.408,242,690,0.351,397,557,0.713,345,1124,403,220,114,405,484
Louisville,N,Didn't Qualify,32,4,28,0.125,-5.39,6.45,2,18,4,13,0,11,2046,2425,1280,716,1700,0.421,200,608,0.329,414,559,0.741,294,1031,299,145,90,478,527
Loyola (IL),N,Didn't Qualify,31,10,21,0.323,-4.65,0.45,4,14,6,8,3,8,2089,2247,1255,757,1638,0.462,220,658,0.334,355,509,0.697,233,960,428,175,94,464,601
Loyola (MD),N,Didn't Qualify,33,13,20,0.394,-12.04,-6.14,7,11,9,6,3,13,2222,2331,1325,822,1821,0.451,250,701,0.357,328,509,0.644,301,1035,459,247,78,446,517
Loyola Marymount,N,Didn't Qualify,31,19,12,0.613,4.98,4.32,9,7,13,3,4,7,2335,2265,1255,832,1831,0.454,289,792,0.365,382,569,0.671,328,1119,366,169,86,397,602
Maine,N,Didn't Qualify,30,13,17,0.433,-8.87,-4.65,7,9,8,4,5,12,2054,2091,1215,784,1711,0.458,198,595,0.333,288,396,0.727,232,924,415,284,62,371,446
Manhattan,N,Didn't Qualify,30,12,18,0.4,-9.86,-4.93,10,10,5,9,6,7,2016,2112,1225,733,1682,0.436,205,616,0.333,343,520,0.66,274,952,370,227,105,406,492
Marist,N,Didn't Qualify,33,13,20,0.394,-8.43,-5.68,6,14,5,10,4,9,2110,2201,1325,745,1819,0.41,253,771,0.328,367,526,0.698,294,1131,357,195,124,392,509
Marquette ,Y,Round of 32,36,29,7,0.806,17.07,8.01,17,3,17,1,8,4,2856,2530,1460,1056,2174,0.486,322,912,0.353,422,588,0.718,317,1146,624,330,108,386,582
Marshall,N,Didn't Qualify,32,24,8,0.75,7.15,-2.82,13,5,15,2,9,5,2616,2281,1295,986,2120,0.465,264,781,0.338,380,548,0.693,395,1247,561,288,169,372,526
Maryland ,Y,Round of 32,35,22,13,0.629,14.59,8.36,11,9,16,1,2,9,2440,2222,1405,862,1925,0.448,233,710,0.328,483,660,0.732,342,1175,398,191,131,373,560
Maryland-Baltimore County,N,Didn't Qualify,32,18,14,0.563,-6.21,-6.96,8,8,13,4,5,10,2378,2328,1285,869,1931,0.45,257,754,0.341,383,511,0.75,297,1093,456,180,81,323,467
Maryland-Eastern Shore,N,Didn't Qualify,31,18,13,0.581,-7.63,-5.48,9,5,10,3,7,9,2162,2054,1245,776,1812,0.428,229,720,0.318,381,530,0.719,305,988,417,345,59,454,515
Massachusetts,N,Didn't Qualify,31,15,16,0.484,-1.34,0.3,6,12,8,6,3,8,2163,2214,1240,775,1868,0.415,182,555,0.328,431,602,0.716,404,1187,423,211,119,443,541
Massachusetts-Lowell,N,Didn't Qualify,34,26,8,0.765,0.64,-8.52,11,5,17,0,9,8,2653,2243,1365,965,1995,0.484,236,619,0.381,487,662,0.736,406,1314,486,237,164,466,572
McNeese State,N,Didn't Qualify,34,11,23,0.324,-13.64,-5.48,6,12,6,8,5,15,2352,2565,1375,858,1991,0.431,258,793,0.325,378,571,0.662,422,1198,385,246,61,499,655
Memphis ,Y,Round of 64,35,26,9,0.743,14.5,6.9,13,5,13,2,7,5,2778,2512,1415,1004,2096,0.479,215,609,0.353,555,743,0.747,364,1256,546,301,158,467,637
Mercer,N,Didn't Qualify,33,14,19,0.424,-5.11,-3.98,6,12,7,7,4,10,2268,2211,1335,851,1885,0.451,196,586,0.334,370,536,0.69,342,1144,422,185,71,385,592
Merrimack,N,Didn't Qualify,34,18,16,0.529,-11.18,-9.11,12,4,10,6,8,8,2128,2119,1360,732,1745,0.419,251,768,0.327,413,599,0.689,229,974,429,380,139,479,482
Miami (FL) ,Y,Final 4,37,29,8,0.784,13.98,6.84,15,5,16,1,7,4,2925,2661,1485,1058,2205,0.48,278,755,0.368,531,677,0.784,384,1285,535,270,115,411,527
Miami (OH),N,Didn't Qualify,32,12,20,0.375,-7.39,-2.35,6,12,9,9,3,9,2357,2385,1285,830,1817,0.457,250,736,0.34,447,568,0.787,287,1022,440,195,94,436,583
Michigan,N,Didn't Qualify,34,18,16,0.529,12.45,8.72,11,9,13,4,3,8,2494,2367,1390,898,1994,0.45,261,744,0.351,437,615,0.711,300,1248,414,158,157,356,527
Michigan State ,Y,Sweet 16,34,21,13,0.618,14.26,11.26,11,8,12,2,5,7,2411,2309,1380,879,1944,0.452,252,642,0.393,401,528,0.759,307,1213,497,160,102,370,557
Middle Tennessee,N,Didn't Qualify,33,19,14,0.576,2.88,2.01,11,9,12,2,3,11,2313,2236,1330,857,1892,0.453,228,674,0.338,371,543,0.683,366,1109,356,249,159,439,579
Milwaukee,N,Didn't Qualify,34,22,12,0.647,-4.68,-3.97,14,6,15,3,6,7,2659,2522,1385,944,2062,0.458,267,774,0.345,504,681,0.74,405,1330,472,236,186,515,610
Minnesota,N,Didn't Qualify,31,9,22,0.29,-0.29,7.87,2,17,6,11,1,9,1949,2202,1250,720,1664,0.433,192,591,0.325,317,512,0.619,262,1017,454,143,124,401,482
Mississippi,N,Didn't Qualify,33,12,21,0.364,5.72,7.29,3,15,7,10,2,9,2227,2279,1330,816,1933,0.422,203,671,0.303,392,564,0.695,396,1180,432,235,123,402,525
Mississippi State ,Y,First Four Out,34,21,13,0.618,11.43,6.69,8,10,12,4,4,6,2234,2073,1380,816,1936,0.421,178,669,0.266,424,655,0.647,440,1288,482,293,117,434,517
Mississippi Valley State,N,Didn't Qualify,32,5,27,0.156,-18.29,-4.57,4,14,4,6,1,19,1953,2392,1290,683,1681,0.406,162,464,0.349,425,639,0.665,316,1027,321,243,65,518,573
Missouri State,N,Didn't Qualify,32,17,15,0.531,0.37,-0.99,12,8,10,4,5,8,2098,2021,1295,772,1776,0.435,254,767,0.331,300,479,0.626,363,1124,374,199,140,393,497
Missouri ,Y,Round of 32,35,25,10,0.714,11.4,6.89,11,7,16,3,5,5,2762,2604,1410,988,2092,0.472,325,904,0.36,461,608,0.758,310,1058,558,357,95,390,631
Monmouth,N,Didn't Qualify,33,7,26,0.212,-15.64,-2.61,5,13,3,10,3,15,2036,2466,1320,746,1856,0.402,134,466,0.288,410,615,0.667,365,1088,395,278,83,476,635
Montana,N,Didn't Qualify,31,17,14,0.548,-1.16,-1.86,10,7,9,4,6,9,2147,2114,1245,762,1650,0.462,244,656,0.372,379,481,0.788,229,942,378,146,74,347,560
Montana State ,Y,Round of 64,35,25,10,0.714,2.17,-1.44,15,3,12,1,10,5,2588,2342,1410,879,1876,0.469,216,642,0.336,614,814,0.754,291,1154,438,229,104,415,641
Morehead State,N,Didn't Qualify,34,22,12,0.647,-7.11,-5.08,14,4,14,2,8,9,2374,2266,1365,823,1889,0.436,254,730,0.348,474,654,0.725,325,1212,467,193,129,403,532
Morgan State,N,Didn't Qualify,31,15,16,0.484,-11.58,-6.1,8,7,10,2,3,12,2323,2242,1255,863,1911,0.452,206,559,0.369,391,568,0.688,362,1074,479,303,138,500,647
Mount St. Mary's,N,Didn't Qualify,33,13,20,0.394,-8.17,-4.02,8,12,5,9,7,10,2101,2212,1330,771,1818,0.424,220,622,0.354,339,463,0.732,308,1110,410,182,82,450,540
Murray State,N,Didn't Qualify,32,17,15,0.531,-4.44,-1.61,11,9,11,2,3,11,2254,2305,1296,805,1824,0.441,197,593,0.332,447,607,0.736,301,1111,391,174,83,349,467
Navy,N,Didn't Qualify,31,18,13,0.581,-2.78,-6.12,11,7,9,6,9,7,2152,2013,1250,808,1781,0.454,240,647,0.371,296,419,0.706,310,1068,459,215,85,355,494
NC State ,Y,Round of 64,34,23,11,0.676,12.5,5.58,12,8,15,2,4,6,2643,2408,1365,982,2181,0.45,281,810,0.347,398,551,0.722,385,1244,434,266,152,320,592
Nebraska,N,Didn't Qualify,32,16,16,0.5,7.12,9.03,9,11,11,4,4,9,2175,2236,1300,819,1790,0.458,214,657,0.326,323,504,0.641,264,1105,418,177,79,406,452
Nevada ,Y,First Four Out,33,22,11,0.667,10.01,6.41,12,6,14,1,6,7,2397,2238,1345,799,1794,0.445,238,678,0.351,561,708,0.792,245,1101,474,197,100,339,592
Nevada-Las Vegas,N,Didn't Qualify,32,19,13,0.594,7.2,5.17,7,11,10,7,5,6,2376,2241,1305,819,1895,0.432,262,751,0.349,476,658,0.723,335,1081,411,291,122,394,547
New Hampshire,N,Didn't Qualify,30,15,15,0.5,-9.05,-5.69,9,7,11,4,4,11,1992,2011,1210,696,1749,0.398,248,725,0.342,352,508,0.693,307,1071,350,161,76,297,452
New Mexico,N,Didn't Qualify,34,22,12,0.647,10.81,5.2,8,10,15,5,5,6,2749,2525,1375,983,2043,0.481,192,545,0.352,591,800,0.739,332,1260,466,229,134,382,574
New Mexico State,N,Didn't Qualify,24,9,15,0.375,-1.56,2.44,2,10,6,4,1,9,1769,1720,960,631,1426,0.442,181,534,0.339,326,479,0.681,246,852,291,176,55,305,453
New Orleans,N,Didn't Qualify,32,12,20,0.375,-14.23,-7.36,7,11,6,9,4,10,2340,2536,1286,833,1785,0.467,196,519,0.378,478,674,0.709,309,1032,466,215,70,547,619
Niagara,N,Didn't Qualify,31,16,15,0.516,-6.77,-4.57,10,10,9,4,4,10,2016,2044,1250,736,1642,0.448,196,570,0.344,348,481,0.723,250,944,339,165,71,365,499
Nicholls State,N,Didn't Qualify,31,16,15,0.516,-8.54,-5.46,11,7,11,3,4,11,2344,2253,1240,882,1935,0.456,238,698,0.341,342,530,0.645,357,1075,431,302,93,420,639
NJIT,N,Didn't Qualify,30,7,23,0.233,-12.57,-5.6,4,12,5,8,2,15,2008,2182,1220,744,1734,0.429,196,562,0.349,324,488,0.664,261,1022,336,160,85,334,471
Norfolk State,N,Didn't Qualify,33,22,11,0.667,-3.72,-6.62,9,5,10,2,6,8,2501,2264,1332,876,1854,0.472,225,664,0.339,524,704,0.744,362,1185,424,234,122,434,598
North Alabama,N,Didn't Qualify,33,18,15,0.545,-8.66,-3.96,10,8,9,4,8,10,2446,2452,1335,892,1949,0.458,252,682,0.37,410,578,0.709,282,1145,378,193,101,373,552
North Carolina,N,Didn't Qualify,33,20,13,0.606,12.94,7.67,11,9,12,3,4,7,2514,2340,1345,866,1997,0.434,234,751,0.312,548,739,0.742,369,1304,397,177,128,355,555
North Carolina A&T,N,Didn't Qualify,32,13,19,0.406,-11.4,-3.96,8,10,8,5,4,10,2264,2362,1290,806,1931,0.417,261,785,0.332,391,574,0.681,300,1136,375,240,98,385,547
North Carolina Central,N,Didn't Qualify,30,18,12,0.6,-2.91,-6.1,10,4,13,1,4,10,2268,1977,1220,815,1737,0.469,221,614,0.36,417,594,0.702,328,1073,439,239,97,459,575
North Dakota,N,Didn't Qualify,33,13,20,0.394,-7.6,-3.08,6,12,8,8,4,11,2380,2438,1330,858,1945,0.441,304,868,0.35,360,527,0.683,304,1101,394,146,88,378,522
North Dakota State,N,Didn't Qualify,33,16,17,0.485,-4.55,-2.1,11,7,9,4,5,10,2404,2414,1320,866,1904,0.455,247,735,0.336,425,597,0.712,281,1191,370,130,98,379,509
North Florida,N,Didn't Qualify,31,14,17,0.452,-6.73,-2.52,9,9,11,2,3,14,2363,2405,1260,837,1838,0.455,323,881,0.367,366,509,0.719,279,1058,405,154,120,378,435
North Texas,N,Didn't Qualify,38,31,7,0.816,10.63,2.44,16,4,14,2,10,3,2452,2121,1540,854,1957,0.436,284,809,0.351,460,609,0.755,407,1289,428,246,112,451,619
Northeastern,N,Didn't Qualify,30,10,20,0.333,-10.33,-3.96,6,12,6,6,3,12,1959,2150,1210,712,1704,0.418,211,635,0.332,324,473,0.685,331,1081,377,149,123,432,500
Northern Arizona,N,Didn't Qualify,35,12,23,0.343,-3.87,-0.21,5,13,6,8,3,13,2581,2615,1420,930,2123,0.438,295,815,0.362,426,576,0.74,354,1189,484,185,53,378,649
Northern Colorado,N,Didn't Qualify,32,12,20,0.375,-4.65,-0.65,6,12,6,7,3,12,2355,2480,1290,826,1843,0.448,265,741,0.358,438,588,0.745,263,1068,363,147,54,382,596
Northern Illinois,N,Didn't Qualify,32,13,19,0.406,-6.49,-2.59,9,9,5,7,7,10,2304,2401,1285,837,1816,0.461,236,678,0.348,394,604,0.652,279,1060,402,207,74,458,617
Northern Iowa,N,Didn't Qualify,32,14,18,0.438,-2.66,-1.05,9,11,8,8,4,7,2244,2238,1290,810,1788,0.453,238,699,0.34,386,554,0.697,244,1050,372,204,45,385,498
Northern Kentucky ,Y,Round of 64,35,22,13,0.629,-0.81,-2.87,14,6,14,3,6,6,2372,2224,1425,851,1997,0.426,283,827,0.342,387,556,0.696,394,1136,468,329,89,395,535
Northwestern State,N,Didn't Qualify,33,22,11,0.667,-4.72,-7.03,13,5,10,3,10,7,2463,2378,1330,900,2024,0.445,278,770,0.361,385,547,0.704,400,1114,415,273,79,393,605
Northwestern ,Y,Round of 32,34,22,12,0.647,13.68,8.71,12,8,13,5,7,4,2303,2134,1370,801,1968,0.407,259,807,0.321,442,584,0.757,350,1174,434,267,133,327,549
Notre Dame,N,Didn't Qualify,32,11,21,0.344,2.09,4.59,3,17,11,8,0,10,2227,2307,1285,810,1830,0.443,282,787,0.358,325,426,0.763,210,994,379,150,87,281,456
Oakland,N,Didn't Qualify,32,13,19,0.406,-8.03,-2.87,11,9,8,6,5,10,2347,2442,1305,823,1892,0.435,232,753,0.308,469,604,0.776,268,977,384,239,84,339,448
Ohio,N,Didn't Qualify,33,19,14,0.576,1.14,-2.62,10,8,14,1,4,11,2602,2413,1325,945,2063,0.458,295,791,0.373,417,571,0.73,399,1239,412,221,73,370,585
Ohio State,N,Didn't Qualify,35,16,19,0.457,13,9.46,5,15,10,6,1,10,2538,2414,1410,948,2052,0.462,239,650,0.368,403,545,0.739,370,1257,410,181,132,375,573
Oklahoma,N,Didn't Qualify,32,15,17,0.469,11.37,11.25,5,13,9,7,2,8,2165,2161,1290,782,1707,0.458,224,638,0.351,377,513,0.735,232,1049,417,183,97,428,518
Oklahoma State,N,Didn't Qualify,36,20,16,0.556,12.61,10.16,8,10,12,6,5,7,2458,2370,1450,875,2046,0.428,247,797,0.31,461,664,0.694,410,1345,452,204,174,507,611
Old Dominion,N,Didn't Qualify,31,19,12,0.613,-0.41,-0.65,11,7,12,4,6,5,2073,2052,1245,735,1760,0.418,164,523,0.314,439,646,0.68,375,1175,328,197,117,348,519
Omaha,N,Didn't Qualify,32,9,23,0.281,-10.8,-1.83,4,14,5,7,1,15,2192,2438,1285,797,1805,0.442,183,540,0.339,415,535,0.776,259,1037,380,172,92,400,584
Oral Roberts ,Y,Round of 64,35,30,5,0.857,8.55,-2.84,18,0,16,0,11,4,2915,2458,1400,1058,2231,0.474,375,1027,0.365,424,548,0.774,313,1288,514,237,188,329,453
Oregon,N,Didn't Qualify,36,21,15,0.583,13.83,9.49,12,8,15,6,4,6,2542,2386,1445,916,2043,0.448,256,799,0.32,454,653,0.695,397,1354,477,201,175,440,529
Oregon State,N,Didn't Qualify,32,11,21,0.344,0.08,6.59,5,15,10,7,1,10,1959,2144,1280,676,1647,0.41,192,605,0.317,415,551,0.753,254,996,326,172,98,429,570
Pacific,N,Didn't Qualify,33,15,18,0.455,-0.57,2.05,7,9,7,10,7,7,2502,2565,1330,868,1920,0.452,297,761,0.39,469,651,0.72,267,1044,419,179,85,389,628
Penn State ,Y,Round of 32,37,23,14,0.622,13.05,9.02,10,10,13,4,4,7,2673,2524,1505,978,2111,0.463,385,995,0.387,332,449,0.739,227,1205,508,161,79,332,572
Pennsylvania,N,Didn't Qualify,30,17,13,0.567,0.86,-1.11,9,5,11,4,6,9,2249,2160,1220,812,1749,0.464,244,678,0.36,381,514,0.741,304,1128,444,166,96,382,543
Pepperdine,N,Didn't Qualify,31,9,22,0.29,-0.13,4.7,2,14,8,8,0,12,2417,2520,1260,898,1930,0.465,253,699,0.362,368,518,0.71,286,1109,469,168,117,436,548
Pittsburgh ,Y,Round of 32,36,24,12,0.667,10.59,5.21,14,6,14,3,7,5,2704,2510,1440,930,2081,0.447,325,903,0.36,519,684,0.759,364,1301,506,185,147,400,585
Portland,N,Didn't Qualify,33,14,19,0.424,1.68,4.13,5,11,10,7,2,10,2566,2594,1330,836,1837,0.455,317,845,0.375,577,774,0.745,268,1082,488,164,75,420,579
Portland State,N,Didn't Qualify,31,12,19,0.387,-5.17,-0.59,6,11,6,7,5,9,2363,2340,1240,835,1865,0.448,234,688,0.34,459,631,0.727,289,974,431,220,105,375,700
Prairie View,N,Didn't Qualify,33,13,20,0.394,-9.24,-6.92,9,10,9,4,4,14,2226,2256,1345,791,1971,0.401,194,647,0.3,450,652,0.69,390,1170,359,245,121,451,624
Presbyterian,N,Didn't Qualify,32,5,27,0.156,-13.57,-5.03,1,17,5,9,0,15,2021,2223,1294,718,1709,0.42,191,616,0.31,394,630,0.625,336,1048,344,176,98,430,617
Princeton ,Y,Sweet 16,32,23,9,0.719,4.76,-0.97,10,4,11,3,8,4,2416,2192,1295,867,1906,0.455,272,796,0.342,410,576,0.712,325,1248,430,156,106,385,512
Providence ,Y,Round of 64,33,21,12,0.636,12.89,6.56,13,7,15,2,6,6,2552,2343,1345,901,1975,0.456,218,630,0.346,532,717,0.742,400,1257,482,226,147,387,495
Purdue ,Y,Round of 64,35,29,6,0.829,18.23,8.32,15,5,14,2,8,3,2543,2196,1405,884,1936,0.457,239,743,0.322,536,720,0.744,430,1354,542,166,129,388,479
Purdue-Fort Wayne,N,Didn't Qualify,32,17,15,0.531,-5.44,-4.94,9,11,9,6,7,8,2364,2234,1286,836,1906,0.439,308,891,0.346,384,545,0.705,318,1139,418,235,74,421,467
Queens (NC),N,Didn't Qualify,33,18,15,0.545,-4.15,-4.25,7,11,8,5,7,10,2564,2463,1320,878,1977,0.444,305,873,0.349,503,698,0.721,371,1232,456,204,72,411,531
Quinnipiac,N,Didn't Qualify,32,20,12,0.625,-2.42,-5.2,11,9,9,4,9,6,2335,2231,1295,826,1908,0.433,263,725,0.363,420,630,0.667,365,1197,419,196,82,404,525
Radford,N,Didn't Qualify,36,21,15,0.583,-1.86,-3.86,12,6,10,3,7,10,2496,2332,1445,931,2023,0.46,235,654,0.359,399,579,0.689,370,1202,426,252,103,426,606
Rhode Island,N,Didn't Qualify,31,9,22,0.29,-4.15,0.49,5,13,7,9,1,10,2046,2190,1255,696,1765,0.394,168,553,0.304,486,653,0.744,363,1148,347,199,119,437,557
Rice,N,Didn't Qualify,35,19,16,0.543,-2.03,1.31,8,12,11,7,6,7,2693,2680,1420,956,2052,0.466,308,875,0.352,473,641,0.738,294,1220,533,208,85,450,541
Richmond,N,Didn't Qualify,33,15,18,0.455,1.45,0.36,7,11,12,4,1,11,2273,2237,1340,786,1791,0.439,261,790,0.33,440,591,0.745,226,1067,402,189,78,380,499
Rider,N,Didn't Qualify,30,16,14,0.533,-3.48,-4.9,13,7,8,5,8,6,2105,2027,1215,793,1746,0.454,150,449,0.334,369,502,0.735,339,1085,341,161,67,345,548
Robert Morris,N,Didn't Qualify,33,16,17,0.485,-5.81,-5.55,10,10,11,4,5,10,2287,2205,1325,844,1904,0.443,235,703,0.334,364,505,0.721,337,1145,457,220,135,432,533
Rutgers,N,Didn't Qualify,34,19,15,0.559,14.59,7.32,10,10,14,6,4,7,2326,2079,1370,867,2012,0.431,195,608,0.321,397,567,0.7,394,1251,512,297,131,388,543
Sacramento State,N,Didn't Qualify,32,14,18,0.438,-4.63,-1.6,7,11,9,4,5,10,2114,2169,1305,778,1751,0.444,217,629,0.345,341,489,0.697,348,1141,436,143,85,427,497
Sacred Heart,N,Didn't Qualify,33,16,17,0.485,-12.78,-10.9,8,8,9,6,7,11,2332,2351,1330,864,2002,0.432,229,731,0.313,375,553,0.678,349,1180,444,259,108,438,502
Saint Francis (PA),N,Didn't Qualify,31,13,18,0.419,-13.41,-9.27,9,7,10,5,3,13,2263,2286,1245,813,1760,0.462,240,633,0.379,397,564,0.704,265,1037,430,137,64,391,510
Saint Joseph's,N,Didn't Qualify,33,16,17,0.485,-0.33,-0.3,8,10,10,6,4,7,2388,2389,1330,818,1920,0.426,290,882,0.329,462,657,0.703,342,1142,399,216,107,421,578
Saint Louis,N,Didn't Qualify,33,21,12,0.636,6.04,2.85,12,6,15,3,4,7,2493,2348,1320,921,1970,0.468,230,645,0.357,421,576,0.731,335,1254,543,166,132,399,558
Saint Mary's (CA) ,Y,Round of 32,35,27,8,0.771,17.41,7.17,14,2,16,2,6,2,2473,2105,1415,888,1952,0.455,263,720,0.365,434,625,0.694,371,1236,436,239,122,373,579
Saint Peter's,N,Didn't Qualify,32,14,18,0.438,-9.89,-5.25,7,13,8,6,4,11,1986,2083,1290,716,1830,0.391,190,648,0.293,364,528,0.689,433,1119,336,200,102,393,681
Sam Houston State,N,Didn't Qualify,34,26,8,0.765,7.14,1.07,14,4,12,1,11,6,2454,2015,1370,894,1961,0.456,277,731,0.379,389,575,0.677,388,1250,460,279,76,446,606
Samford,N,Didn't Qualify,32,21,11,0.656,0.5,-4.36,15,3,13,3,8,7,2519,2290,1300,832,1833,0.454,290,822,0.353,565,756,0.747,319,1137,374,260,83,405,598
San Diego,N,Didn't Qualify,31,11,20,0.355,-2.06,3.28,4,12,8,9,3,8,2391,2495,1250,849,1882,0.451,244,691,0.353,449,587,0.765,314,1027,398,207,55,355,547
San Diego State ,Y,2nd Place,39,32,7,0.821,15.81,8.91,15,3,15,1,8,2,2775,2475,1570,986,2251,0.438,271,778,0.348,532,737,0.722,426,1416,504,262,151,452,634
San Francisco,N,Didn't Qualify,34,20,14,0.588,6,3.63,7,9,11,5,5,6,2591,2496,1370,883,1975,0.447,349,966,0.361,476,635,0.75,326,1173,436,230,85,469,629
San Jose State,N,Didn't Qualify,35,21,14,0.6,5.17,4.52,10,8,12,3,5,8,2362,2318,1415,869,1996,0.435,265,814,0.326,359,529,0.679,423,1335,428,142,145,416,545
Santa Clara,N,Didn't Qualify,33,23,10,0.697,8.54,5.04,11,5,14,5,6,3,2538,2413,1335,919,2026,0.454,275,742,0.371,425,604,0.704,351,1261,460,196,125,414,519
Seattle,N,Didn't Qualify,32,20,12,0.625,0.9,0.67,11,7,12,2,7,7,2303,2209,1285,786,1953,0.402,275,870,0.316,456,635,0.718,359,1186,381,196,99,382,581
Seton Hall,N,Didn't Qualify,33,17,16,0.515,11.01,8.51,10,10,10,6,6,7,2256,2149,1320,784,1785,0.439,190,585,0.325,498,726,0.686,349,1157,401,272,143,454,586
Siena,N,Didn't Qualify,32,17,15,0.531,-3.43,-4.81,11,9,8,5,7,8,2195,2151,1295,766,1769,0.433,213,611,0.349,450,611,0.736,323,1098,409,182,135,420,547
SIU Edwardsville,N,Didn't Qualify,33,19,14,0.576,-6.45,-7.52,9,9,9,5,7,8,2463,2353,1320,834,1917,0.435,236,718,0.329,559,767,0.729,372,1222,407,228,141,421,576
South Alabama,N,Didn't Qualify,35,19,16,0.543,3.56,-0.5,9,9,10,4,4,10,2483,2282,1405,955,2036,0.469,266,770,0.345,307,447,0.687,242,1143,399,212,151,342,512
South Carolina,N,Didn't Qualify,32,11,21,0.344,-2.3,5.99,4,14,7,8,4,8,2059,2324,1300,744,1846,0.403,244,755,0.323,327,495,0.661,378,1091,355,157,84,421,512
South Carolina State,N,Didn't Qualify,31,5,26,0.161,-16.73,-4.13,2,12,4,6,1,19,2274,2599,1250,838,1980,0.423,213,671,0.317,385,575,0.67,429,1097,435,224,100,486,637
South Carolina Upstate,N,Didn't Qualify,32,16,16,0.5,-7.44,-3.81,10,8,11,2,4,12,2198,2225,1285,808,1773,0.456,209,621,0.337,373,570,0.654,268,1014,374,237,146,421,637
South Dakota,N,Didn't Qualify,31,12,19,0.387,-9.87,-3.31,7,11,8,6,2,11,2149,2282,1240,755,1750,0.431,275,706,0.39,364,476,0.765,267,1041,385,138,48,360,540
South Dakota State,N,Didn't Qualify,32,19,13,0.594,-1.81,-2.07,13,5,10,2,6,9,2270,2233,1290,812,1805,0.45,246,700,0.351,400,505,0.792,223,1040,341,166,92,371,456
South Florida,N,Didn't Qualify,32,14,18,0.438,1.94,1.94,7,11,9,9,4,7,2303,2303,1285,844,1894,0.446,236,703,0.336,379,582,0.651,381,1197,429,207,98,437,568
Southeast Missouri State ,Y,First Four Out,36,19,17,0.528,-7.4,-6.81,10,8,9,4,5,11,2789,2734,1465,958,2191,0.437,286,875,0.327,587,828,0.709,347,1262,497,251,115,471,767
Southeastern Louisiana,N,Didn't Qualify,32,18,14,0.563,-8,-6.73,12,6,10,4,7,8,2483,2432,1305,889,1942,0.458,248,672,0.369,457,616,0.742,329,1107,453,233,58,390,557
Southern,N,Didn't Qualify,32,15,17,0.469,-8.59,-6.52,11,7,9,2,5,12,2300,2280,1290,804,1872,0.429,244,737,0.331,448,627,0.715,281,1037,451,278,75,468,639
Southern California ,Y,Round of 64,33,22,11,0.667,13.06,8,14,6,15,2,5,5,2391,2224,1325,855,1878,0.455,214,620,0.345,465,624,0.745,310,1164,445,227,167,410,568
Southern Illinois,N,Didn't Qualify,33,23,10,0.697,1.15,-2.13,14,6,13,2,8,6,2168,2026,1325,769,1716,0.448,259,795,0.326,371,513,0.723,228,1040,459,238,70,414,539
Southern Indiana,N,Didn't Qualify,33,16,17,0.485,-8.86,-7.13,9,9,10,4,5,11,2500,2447,1335,868,1999,0.434,320,854,0.375,444,662,0.671,404,1272,420,237,77,440,604
Southern Methodist,N,Didn't Qualify,32,10,22,0.313,-0.12,5.2,5,13,7,9,1,11,2248,2418,1300,810,1919,0.422,201,646,0.311,427,634,0.674,335,1118,436,226,108,413,556
Southern Mississippi,N,Didn't Qualify,33,25,8,0.758,3.29,-1.58,14,4,15,0,8,7,2436,2182,1320,881,1937,0.455,230,714,0.322,444,622,0.714,366,1203,488,276,87,403,545
Southern Utah,N,Didn't Qualify,37,24,13,0.649,3.38,1.41,12,6,13,2,5,8,3064,2764,1510,1064,2286,0.465,313,887,0.353,623,859,0.725,395,1427,485,268,125,492,680
St. Bonaventure,N,Didn't Qualify,32,14,18,0.438,-1.31,-0.4,8,10,11,4,2,11,2136,2165,1290,769,1794,0.429,226,650,0.348,372,529,0.703,301,1048,380,224,108,405,596
St. Francis (NY),N,Didn't Qualify,30,14,16,0.467,-16.49,-11.17,7,9,10,5,4,11,1946,2034,1205,688,1701,0.404,204,577,0.354,366,524,0.698,342,1016,369,223,144,414,460
St. John's (NY),N,Didn't Qualify,33,18,15,0.545,8.64,6.49,7,13,12,6,3,9,2552,2481,1340,970,2159,0.449,193,583,0.331,419,599,0.699,433,1324,500,272,123,462,535
St. Thomas,N,Didn't Qualify,33,19,14,0.576,-3.09,-4.64,9,9,12,2,4,11,2447,2316,1320,847,1895,0.447,297,844,0.352,456,581,0.785,272,1052,426,196,77,327,574
Stanford,N,Didn't Qualify,33,14,19,0.424,9.63,7.66,7,13,9,6,2,8,2321,2256,1320,838,1853,0.452,267,736,0.363,378,545,0.694,342,1137,490,188,106,413,557
Stephen F. Austin,N,Didn't Qualify,32,19,13,0.594,0.72,-0.7,11,7,12,4,6,5,2427,2238,1305,867,1834,0.473,203,532,0.382,490,684,0.716,342,1102,482,284,83,493,685
Stetson,N,Didn't Qualify,31,17,14,0.548,-2.83,-2.69,12,6,9,3,7,9,2381,2287,1270,857,1860,0.461,311,811,0.383,356,461,0.772,320,1085,429,159,99,329,484
Stonehill,N,Didn't Qualify,31,14,17,0.452,-12.85,-8.59,10,6,7,4,6,12,2076,2157,1255,720,1633,0.441,239,677,0.353,397,524,0.758,194,963,380,219,88,417,468
Stony Brook,N,Didn't Qualify,33,11,22,0.333,-12.45,-4.13,6,12,7,7,3,13,2083,2279,1325,726,1756,0.413,256,794,0.322,375,504,0.744,252,1119,389,144,83,413,499
Syracuse,N,Didn't Qualify,32,17,15,0.531,5.39,4.17,10,10,11,7,5,6,2372,2333,1290,871,1883,0.463,198,547,0.362,432,577,0.749,324,1113,459,241,161,373,427
Tarleton State,N,Didn't Qualify,34,17,17,0.5,-0.76,1.7,8,9,12,2,2,12,2446,2308,1370,847,1868,0.453,163,477,0.342,589,837,0.704,325,1077,437,330,96,424,694
TCU ,Y,Round of 32,35,22,13,0.629,15.6,8.77,9,9,13,4,3,7,2634,2395,1405,965,2128,0.453,197,636,0.31,507,725,0.699,402,1254,565,281,166,416,578
Temple,N,Didn't Qualify,32,16,16,0.5,4.68,5.31,10,8,9,7,6,6,2227,2247,1305,754,1774,0.425,255,773,0.33,464,613,0.757,311,1126,441,159,128,434,538
Tennessee State,N,Didn't Qualify,32,18,14,0.563,-9.01,-8.94,10,8,13,4,4,8,2499,2401,1281,868,1935,0.449,281,804,0.35,482,694,0.695,336,1164,427,187,105,403,654
Tennessee Tech,N,Didn't Qualify,33,16,17,0.485,-9.4,-6.37,11,7,11,5,4,11,2432,2421,1355,860,1967,0.437,302,829,0.364,410,570,0.719,310,1159,476,207,80,416,527
Tennessee ,Y,Sweet 16,36,25,11,0.694,20.83,7.97,11,7,14,2,4,6,2547,2084,1445,908,2097,0.433,276,840,0.329,455,643,0.708,464,1382,601,297,130,431,596
Tennessee-Martin,N,Didn't Qualify,33,19,14,0.576,-8.68,-7.92,10,8,14,2,4,11,2658,2489,1335,945,2058,0.459,255,771,0.331,513,711,0.722,346,1293,450,249,114,394,603
Texas A&M ,Y,Round of 64,35,25,10,0.714,13.75,7.41,15,3,15,1,7,4,2549,2327,1400,835,1932,0.432,217,666,0.326,662,872,0.759,435,1288,439,235,82,430,637
Texas A&M-Commerce,N,Didn't Qualify,32,13,19,0.406,-11.09,-7.53,9,9,5,6,7,12,2299,2355,1305,836,1839,0.455,269,842,0.319,358,508,0.705,295,1031,458,184,97,408,601
Texas A&M-Corpus Christi ,Y,Round of 64,35,24,11,0.686,-2.58,-7.03,14,4,14,2,7,7,2803,2561,1410,971,2152,0.451,268,736,0.364,593,749,0.792,425,1306,536,296,60,448,665
Texas Southern ,Y,First Four Out,35,14,21,0.4,-10.58,-5.06,7,11,7,6,3,13,2422,2518,1430,894,2095,0.427,163,588,0.277,471,709,0.664,405,1313,412,235,116,511,657
Texas State,N,Didn't Qualify,35,16,19,0.457,-2.33,-0.71,6,12,4,10,7,7,2309,2334,1400,848,1918,0.442,154,501,0.307,459,630,0.729,359,1143,346,220,124,411,630
Texas Tech,N,Didn't Qualify,32,16,16,0.5,12.58,8.23,5,13,11,6,3,7,2347,2208,1290,831,1810,0.459,230,666,0.345,455,630,0.722,334,1125,413,234,93,441,494
Texas ,Y,Elite 8,38,29,9,0.763,20.55,10.42,12,6,17,1,4,6,2963,2578,1535,1083,2289,0.473,274,790,0.347,523,699,0.748,366,1296,614,299,136,439,663
Texas-Rio Grande Valley,N,Didn't Qualify,32,15,17,0.469,-6.49,-0.56,5,12,12,6,3,10,2518,2502,1290,868,1852,0.469,222,655,0.339,560,802,0.698,345,1211,505,151,104,514,641
The Citadel,N,Didn't Qualify,32,10,22,0.313,-12.13,-3.77,5,13,5,9,4,11,2158,2374,1280,771,1786,0.432,228,702,0.325,388,514,0.755,234,1015,365,176,85,393,539
Toledo,N,Didn't Qualify,36,28,8,0.778,6.16,-2.16,16,2,13,1,10,4,3082,2776,1440,1091,2202,0.495,307,778,0.395,593,772,0.768,364,1227,535,248,106,355,581
Towson,N,Didn't Qualify,33,21,12,0.636,0.24,-4.79,12,6,10,2,8,7,2368,2202,1335,860,1922,0.447,243,663,0.367,405,572,0.708,407,1232,461,205,113,404,538
Troy,N,Didn't Qualify,33,20,13,0.606,1.38,-1.25,11,7,11,3,7,8,2414,2204,1330,858,1945,0.441,255,798,0.32,443,632,0.701,362,1151,447,288,86,424,559
Tulane,N,Didn't Qualify,31,20,11,0.645,5.46,2.69,12,6,12,3,5,4,2478,2392,1260,861,1873,0.46,241,713,0.338,515,663,0.777,211,1037,485,262,130,351,511
Tulsa,N,Didn't Qualify,30,5,25,0.167,-8.48,3.66,1,17,4,10,0,12,1959,2323,1210,715,1733,0.413,230,735,0.313,299,463,0.646,271,958,348,164,45,397,464
UAB,N,Didn't Qualify,40,29,11,0.725,10.59,1.77,14,6,17,2,7,5,3234,2833,1645,1143,2532,0.451,281,799,0.352,667,897,0.744,542,1634,570,325,170,510,691
UC Davis,N,Didn't Qualify,32,18,14,0.563,-0.31,-1.74,11,8,10,4,5,9,2392,2274,1295,809,1820,0.445,214,630,0.34,560,790,0.709,377,1186,389,227,90,471,600
UC Irvine,N,Didn't Qualify,35,23,12,0.657,4.16,-0.6,15,5,11,4,9,7,2617,2352,1405,969,2082,0.465,247,656,0.377,432,600,0.72,341,1296,518,245,87,431,666
UC Riverside,N,Didn't Qualify,34,22,12,0.647,0.72,-0.34,14,6,9,4,9,7,2463,2352,1380,906,2047,0.443,284,784,0.362,367,526,0.698,390,1251,450,175,61,417,629
UC San Diego,N,Didn't Qualify,30,10,20,0.333,-6.94,-0.76,5,13,4,10,6,9,2057,2189,1230,740,1720,0.43,228,695,0.328,349,472,0.739,249,1004,359,174,67,362,482
UC Santa Barbara ,Y,Round of 64,35,27,8,0.771,3.3,-2.03,15,5,12,3,10,4,2510,2305,1405,924,1875,0.493,194,555,0.35,468,644,0.727,279,1113,495,222,87,397,562
UCLA ,Y,Sweet 16,37,31,6,0.838,22.11,8.65,18,2,17,0,9,2,2743,2245,1480,1033,2245,0.46,227,651,0.349,450,616,0.731,418,1307,538,310,142,371,573
UNC Asheville ,Y,Round of 64,35,27,8,0.771,-1.74,-4.35,16,2,13,0,10,6,2604,2418,1420,897,1890,0.475,274,707,0.388,536,772,0.694,295,1219,446,221,140,496,542
UNC Greensboro,N,Didn't Qualify,32,20,12,0.625,1.66,-2.91,14,4,11,3,8,6,2306,2064,1291,816,1831,0.446,254,718,0.354,420,587,0.716,330,1180,465,228,83,376,535
UNC Wilmington,N,Didn't Qualify,34,24,10,0.706,-1.18,-3.05,12,6,11,3,8,6,2343,2187,1375,813,1832,0.444,209,624,0.335,508,697,0.729,324,1130,365,230,95,408,624
UT Arlington,N,Didn't Qualify,32,11,21,0.344,-4.99,2.12,6,12,6,8,4,9,2125,2190,1285,772,1863,0.414,207,643,0.322,374,570,0.656,407,1148,432,204,96,443,619
Utah,N,Didn't Qualify,32,17,15,0.531,11.33,6.52,10,10,12,5,4,7,2197,2043,1285,791,1852,0.427,232,698,0.332,383,541,0.708,357,1254,462,161,126,384,487
Utah State ,Y,Round of 64,35,26,9,0.743,14.22,6.81,13,5,14,2,6,4,2736,2446,1405,947,1975,0.479,325,840,0.387,517,678,0.763,300,1243,585,175,117,426,589
Utah Tech,N,Didn't Qualify,33,14,19,0.424,-0.17,1,5,13,9,5,3,13,2495,2420,1330,828,1802,0.459,285,749,0.381,554,787,0.704,321,1125,434,219,74,497,647
Utah Valley,N,Didn't Qualify,37,28,9,0.757,8.47,1.82,15,3,14,1,12,5,2863,2538,1500,1022,2200,0.465,242,728,0.332,577,780,0.74,377,1492,594,239,242,509,646
UTEP,N,Didn't Qualify,32,14,18,0.438,-0.81,1.75,7,13,11,7,3,10,2192,2192,1315,796,1776,0.448,158,537,0.294,442,699,0.632,373,1122,385,288,85,505,576
UTSA,N,Didn't Qualify,32,10,22,0.313,-7.81,1.09,4,16,8,10,2,11,2217,2450,1291,749,1826,0.41,235,703,0.334,484,659,0.734,341,1132,334,137,81,439,563
Valparaiso,N,Didn't Qualify,32,11,21,0.344,-8.69,-2.73,5,15,8,7,2,12,2206,2355,1310,814,1852,0.44,198,668,0.296,380,522,0.728,251,1087,436,187,83,406,530
Vanderbilt,N,Didn't Qualify,37,22,15,0.595,8.96,8.53,11,7,14,6,5,6,2661,2645,1490,930,2187,0.425,310,922,0.336,491,690,0.712,417,1340,429,187,168,399,604
Vermont ,Y,Round of 64,34,23,11,0.676,1.65,-3.11,14,2,13,1,9,6,2471,2276,1377,901,1901,0.474,292,816,0.358,377,541,0.697,220,1065,465,200,98,318,504
Villanova,N,Didn't Qualify,34,17,17,0.5,10.61,8.7,10,10,10,4,5,9,2366,2301,1365,807,1853,0.436,296,885,0.334,456,556,0.82,246,1078,377,194,58,343,538
Virginia Commonwealth ,Y,Round of 64,35,27,8,0.771,9.9,1.95,15,3,15,3,8,3,2480,2202,1400,864,1867,0.463,212,610,0.348,540,776,0.696,324,1161,456,311,160,468,575
Virginia Tech,N,Didn't Qualify,34,19,15,0.559,9.36,5.3,8,12,13,4,2,10,2521,2383,1365,931,1983,0.469,281,786,0.358,378,514,0.735,288,1131,528,177,107,336,526
Virginia ,Y,Round of 64,33,25,8,0.758,13.28,5.98,15,5,15,1,6,5,2237,1996,1325,793,1765,0.449,220,629,0.35,431,613,0.703,273,1064,519,225,142,282,471
VMI,N,Didn't Qualify,32,7,25,0.219,-16.14,-3.45,2,16,6,8,1,14,2220,2457,1290,800,1923,0.416,309,880,0.351,311,406,0.766,349,1131,365,172,37,411,484
Wagner,N,Didn't Qualify,28,15,13,0.536,-11.81,-10.85,8,8,8,4,7,9,1766,1727,1130,655,1627,0.403,181,583,0.31,275,403,0.682,360,1005,339,189,49,335,540
Wake Forest,N,Didn't Qualify,33,19,14,0.576,8.25,5.43,10,10,13,3,4,8,2528,2435,1330,878,1909,0.46,315,866,0.364,457,613,0.746,275,1129,444,199,90,399,528
Washington,N,Didn't Qualify,32,16,16,0.5,6.78,7.94,8,12,12,6,2,9,2213,2250,1300,786,1823,0.431,209,668,0.313,432,577,0.749,286,1083,368,220,165,448,529
Washington State,N,Didn't Qualify,34,17,17,0.5,10.51,7.9,11,9,10,4,5,8,2324,2235,1365,813,1919,0.424,310,832,0.373,388,542,0.716,369,1183,403,166,93,408,544
Weber State,N,Didn't Qualify,33,18,15,0.545,-2.94,-1.33,12,6,8,4,8,8,2219,2229,1345,779,1727,0.451,218,647,0.337,443,578,0.766,218,1032,351,200,47,422,580
West Virginia ,Y,Round of 64,34,19,15,0.559,15.94,10.88,7,11,13,4,3,8,2583,2411,1365,882,1953,0.452,248,708,0.35,571,769,0.743,383,1152,442,227,104,440,632
Western Carolina,N,Didn't Qualify,34,18,16,0.529,-6.34,-4.08,10,8,9,5,6,9,2513,2405,1385,871,2015,0.432,289,849,0.34,482,674,0.715,335,1256,428,183,88,365,588
Western Illinois,N,Didn't Qualify,30,16,14,0.533,-7.58,-4.73,9,9,11,4,5,9,2191,2171,1205,795,1755,0.453,209,652,0.321,392,560,0.7,284,1034,410,174,107,322,434
Western Kentucky,N,Didn't Qualify,33,17,16,0.515,-0.88,1.03,8,12,9,5,5,9,2355,2330,1330,839,1907,0.44,249,695,0.358,428,601,0.712,300,1152,416,204,173,383,489
Western Michigan,N,Didn't Qualify,31,8,23,0.258,-10.5,-2.28,4,14,7,7,1,15,2166,2295,1240,786,1820,0.432,250,757,0.33,344,482,0.714,379,1146,396,143,68,395,522
Wichita State,N,Didn't Qualify,32,17,15,0.531,5.78,3.25,9,9,8,8,7,4,2272,2191,1300,827,1839,0.45,212,685,0.309,406,567,0.716,312,1163,426,203,129,401,478
William & Mary,N,Didn't Qualify,33,13,20,0.394,-10.98,-4.18,7,11,11,5,1,14,2219,2320,1325,791,1829,0.432,256,698,0.367,381,559,0.682,330,1095,401,199,67,398,533
Winthrop,N,Didn't Qualify,32,15,17,0.469,-6.63,-3.6,10,8,10,4,4,11,2360,2382,1285,787,1671,0.471,283,757,0.374,503,681,0.739,260,993,366,164,98,447,538
Wisconsin,N,Didn't Qualify,35,20,15,0.571,10.99,9.3,9,11,11,6,6,6,2284,2225,1430,831,2005,0.414,276,807,0.342,346,501,0.691,278,1110,406,207,52,302,554
Wofford,N,Didn't Qualify,33,17,16,0.515,-5.02,-3.32,8,10,12,4,4,11,2466,2392,1340,906,1916,0.473,247,748,0.33,407,552,0.737,312,1088,412,188,68,361,468
Wright State,N,Didn't Qualify,33,18,15,0.545,-2.33,-5.87,10,10,9,6,7,8,2637,2432,1350,1031,2077,0.496,205,574,0.357,370,502,0.737,304,1212,495,207,99,419,514
Wyoming,N,Didn't Qualify,31,9,22,0.29,2.01,6.11,4,14,7,8,1,8,2144,2234,1245,740,1680,0.44,268,768,0.349,396,557,0.711,246,994,345,151,79,371,488
Xavier ,Y,Sweet 16,37,27,10,0.73,16.03,9.16,15,5,15,2,7,4,2995,2741,1485,1109,2256,0.492,274,703,0.39,503,708,0.71,380,1396,705,236,120,459,593
Yale,N,Didn't Qualify,30,21,9,0.7,7.81,-1.62,10,4,10,2,8,7,2273,1897,1210,841,1764,0.477,224,620,0.361,367,529,0.694,298,1133,439,191,123,335,521
Youngstown State,N,Didn't Qualify,34,24,10,0.706,1.69,-5.81,15,5,14,3,9,6,2785,2465,1385,1017,2088,0.487,271,743,0.365,480,616,0.779,351,1204,521,238,94,376,550
